Ticker,run,hour,minute,intRank, perRank, lastPrice , currentPrice ,alertVal
TFSC,0,23,25,0,0.0,9.1,9.1,0
TFSCR,0,23,25,0,0.0,0.42,0.42,0
TFSCU,0,23,25,0,0.0,9.4,9.4,0
TFSCW,0,23,25,0,0.0,0.26,0.26,0
PIH,0,23,25,0,0.0,6.45,6.45,0
FLWS,0,23,25,0,0.0,9.14,9.14,0
FCCY,0,23,25,0,0.0,11.83,11.83,0
VNET,0,23,25,0,0.0,9.53,9.53,0
CAFD,0,23,25,0,0.0,15.84,15.84,0
EGHT,0,23,25,0,0.0,14.95,14.95,0
AVHI,0,23,25,0,0.0,12.7,12.7,0
ABEO,0,23,25,0,0.0,2.37,2.37,0
ABEOW,0,23,25,0,0.0,1.05,1.05,0
ABIL,0,23,25,0,0.0,4.22,4.22,0
AXAS,0,23,25,0,0.0,1.18,1.18,0
ACTG,0,23,25,0,0.0,4.43,4.43,0
ACST,0,23,25,0,0.0,1.3,1.3,0
AXDX,0,23,25,0,0.0,16.78,16.78,0
ANCX,0,23,25,0,0.0,19.65,19.65,0
ARAY,0,23,25,0,0.0,5.19,5.19,0
OILU,0,23,25,0,0.0,24.19,24.19,0
VXDN,0,23,25,0,0.0,14.81,14.81,0
VXUP,0,23,25,0,0.0,8.6865,8.6865,0
ACRX,0,23,25,0,0.0,2.98,2.98,0
ACET,0,23,25,0,0.0,24.07,24.07,0
AKAO,0,23,25,0,0.0,3.84,3.84,0
ACHN,0,23,25,0,0.0,9.14,9.14,0
ACIW,0,23,25,0,0.0,19.38,19.38,0
ACRS,0,23,25,0,0.0,20.13,20.13,0
ACTS,0,23,25,0,0.0,1.95,1.95,0
ACPW,0,23,25,0,0.0,0.38,0.38,0
ACTA,0,23,25,0,0.0,9.1,9.1,0
ACUR,0,23,25,0,0.0,1.82,1.82,0
ACXM,0,23,25,0,0.0,22.07,22.07,0
ADMS,0,23,25,0,0.0,15.69,15.69,0
ADMP,0,23,25,0,0.0,3.25,3.25,0
ADAP,0,23,25,0,0.0,8.8,8.8,0
ADUS,0,23,25,0,0.0,19.0,19.0,0
AEY,0,23,25,0,0.0,1.814,1.814,0
IOTS,0,23,25,0,0.0,3.03,3.03,0
ADMA,0,23,25,0,0.0,6.77,6.77,0
ADTN,0,23,25,0,0.0,19.35,19.35,0
ADRO,0,23,25,0,0.0,12.66,12.66,0
ADES,0,23,25,0,0.0,7.06,7.06,0
AMD,0,23,25,0,0.0,5.1,5.1,0
ADXS,0,23,25,0,0.0,8.61,8.61,0
ADXSW,0,23,25,0,0.0,4.92,4.92,0
ADVM,0,23,25,0,0.0,3.38,3.38,0
MAUI,0,23,25,0,0.0,23.67,23.67,0
YPRO,0,23,25,0,0.0,23.714,23.714,0
AEGR,0,23,25,0,0.0,1.66,1.66,0
AEGN,0,23,25,0,0.0,19.83,19.83,0
AGLE,0,23,25,0,0.0,4.21,4.21,0
AEHR,0,23,25,0,0.0,1.62,1.62,0
AMTX,0,23,25,0,0.0,2.0,2.0,0
AERI,0,23,25,0,0.0,17.61,17.61,0
AEZS,0,23,25,0,0.0,3.28,3.28,0
AEMD,0,23,25,0,0.0,6.79,6.79,0
AFMD,0,23,25,0,0.0,2.88,2.88,0
AGEN,0,23,25,0,0.0,4.79,4.79,0
AGRX,0,23,25,0,0.0,7.48,7.48,0
AGYS,0,23,25,0,0.0,11.11,11.11,0
AGFS,0,23,25,0,0.0,5.76,5.76,0
AGFSW,0,23,25,0,0.0,0.91,0.91,0
AIMT,0,23,25,0,0.0,10.88,10.88,0
AIRT,0,23,25,0,0.0,20.3994,20.3994,0
ATSG,0,23,25,0,0.0,14.33,14.33,0
AMCN,0,23,25,0,0.0,2.95,2.95,0
AIXG,0,23,25,0,0.0,5.849,5.849,0
AKTX,0,23,25,0,0.0,10.4,10.4,0
AKBA,0,23,25,0,0.0,8.45,8.45,0
AKER,0,23,25,0,0.0,2.8901,2.8901,0
ALSK,0,23,25,0,0.0,1.69,1.69,0
AMRI,0,23,25,0,0.0,14.27,14.27,0
ABDC,0,23,25,0,0.0,12.16,12.16,0
ADHD,0,23,25,0,0.0,4.32,4.32,0
ALDX,0,23,25,0,0.0,5.87,5.87,0
ALIM,0,23,25,0,0.0,1.18,1.18,0
ALJJ,0,23,25,0,0.0,4.9,4.9,0
AIQ,0,23,25,0,0.0,6.275,6.275,0
AHGP,0,23,25,0,0.0,23.61,23.61,0
ARLP,0,23,25,0,0.0,17.47,17.47,0
AHPI,0,23,25,0,0.0,0.63,0.63,0
AMOT,0,23,25,0,0.0,22.05,22.05,0
ALQA,0,23,25,0,0.0,1.1801,1.1801,0
ALLT,0,23,25,0,0.0,4.88,4.88,0
MDRX,0,23,25,0,0.0,13.875,13.875,0
AOSL,0,23,25,0,0.0,13.92,13.92,0
SMCP,0,23,25,0,0.0,21.82,21.82,0
ATEC,0,23,25,0,0.0,0.3625,0.3625,0
AMRN,0,23,25,0,0.0,2.19,2.19,0
AMRK,0,23,25,0,0.0,16.63,16.63,0
AYA,0,23,25,0,0.0,15.27,15.27,0
AMBC,0,23,25,0,0.0,16.63,16.63,0
AMBCW,0,23,25,0,0.0,7.65,7.65,0
AMDA,0,23,25,0,0.0,0.885,0.885,0
ATAX,0,23,25,0,0.0,5.56,5.56,0
AMOV,0,23,25,0,0.0,12.14,12.14,0
AGNC,0,23,25,0,0.0,19.24,19.24,0
MTGE,0,23,25,0,0.0,15.62,15.62,0
MTGEP,0,23,25,0,0.0,24.68,24.68,0
ACSF,0,23,25,0,0.0,10.26,10.26,0
ACAS,0,23,25,0,0.0,15.86,15.86,0
AETI,0,23,25,0,0.0,2.55,2.55,0
AMIC,0,23,25,0,0.0,24.975,24.975,0
AMRB,0,23,25,0,0.0,10.25,10.25,0
AMSWA,0,23,25,0,0.0,10.74,10.74,0
AMSC,0,23,25,0,0.0,8.71,8.71,0
ASRV,0,23,25,0,0.0,3.02,3.02,0
FOLD,0,23,25,0,0.0,6.0,6.0,0
AMKR,0,23,25,0,0.0,5.96,5.96,0
AMPH,0,23,25,0,0.0,16.8,16.8,0
ASYS,0,23,25,0,0.0,5.61,5.61,0
AFSI,0,23,25,0,0.0,24.7,24.7,0
AMRS,0,23,25,0,0.0,0.4142,0.4142,0
AVXL,0,23,25,0,0.0,7.58,7.58,0
ANCB,0,23,25,0,0.0,24.25,24.25,0
ANDA,0,23,25,0,0.0,9.73,9.73,0
ANDAR,0,23,25,0,0.0,0.1801,0.1801,0
ANDAU,0,23,25,0,0.0,10.1,10.1,0
ANDAW,0,23,25,0,0.0,0.08,0.08,0
ANGI,0,23,25,0,0.0,6.45,6.45,0
ANGO,0,23,25,0,0.0,14.5,14.5,0
ATRS,0,23,25,0,0.0,1.03,1.03,0
ANTH,0,23,25,0,0.0,3.81,3.81,0
ABAC,0,23,25,0,0.0,0.8089,0.8089,0
APIC,0,23,25,0,0.0,12.03,12.03,0
APOL,0,23,25,0,0.0,9.05,9.05,0
AINV,0,23,25,0,0.0,5.515,5.515,0
AMEH,0,23,25,0,0.0,5.0,5.0,0
APPF,0,23,25,0,0.0,14.62,14.62,0
ARCI,0,23,25,0,0.0,1.27,1.27,0
APDN,0,23,25,0,0.0,3.22,3.22,0
APDNW,0,23,25,0,0.0,1.08,1.08,0
AGTC,0,23,25,0,0.0,15.81,15.81,0
AMAT,0,23,25,0,0.0,24.935,24.935,0
AMCC,0,23,25,0,0.0,6.5,6.5,0
AAOI,0,23,25,0,0.0,11.3,11.3,0
AREX,0,23,25,0,0.0,1.96,1.96,0
APRI,0,23,25,0,0.0,0.389,0.389,0
APTO,0,23,25,0,0.0,2.53,2.53,0
AQMS,0,23,25,0,0.0,12.2,12.2,0
AQXP,0,23,25,0,0.0,7.05,7.05,0
AUMA,0,23,25,0,0.0,9.9201,9.9201,0
AUMAU,0,23,25,0,0.0,9.95,9.95,0
AUMAW,0,23,25,0,0.0,0.065,0.065,0
ARDM,0,23,25,0,0.0,4.43,4.43,0
ARLZ,0,23,25,0,0.0,3.61,3.61,0
PETX,0,23,25,0,0.0,7.0,7.0,0
ABUS,0,23,25,0,0.0,3.91,3.91,0
ARCW,0,23,25,0,0.0,2.53,2.53,0
ABIO,0,23,25,0,0.0,3.14,3.14,0
RKDA,0,23,25,0,0.0,2.45,2.45,0
ARCB,0,23,25,0,0.0,16.82,16.82,0
APLP,0,23,25,0,0.0,14.21,14.21,0
ACAT,0,23,25,0,0.0,17.42,17.42,0
ARDX,0,23,25,0,0.0,9.26,9.26,0
ARNA,0,23,25,0,0.0,1.7,1.7,0
ARCC,0,23,25,0,0.0,13.966,13.966,0
ARGS,0,23,25,0,0.0,6.24,6.24,0
ARIS,0,23,25,0,0.0,4.81,4.81,0
ARIA,0,23,25,0,0.0,7.51,7.51,0
ARKR,0,23,25,0,0.0,23.6584,23.6584,0
ARTX,0,23,25,0,0.0,2.98,2.98,0
ARWA,0,23,25,0,0.0,10.072,10.072,0
ARWAR,0,23,25,0,0.0,0.2,0.2,0
ARWAU,0,23,25,0,0.0,10.2001,10.2001,0
ARWAW,0,23,25,0,0.0,0.0801,0.0801,0
ARQL,0,23,25,0,0.0,1.71,1.71,0
ARRY,0,23,25,0,0.0,3.71,3.71,0
ARRS,0,23,25,0,0.0,24.2,24.2,0
DWAT,0,23,25,0,0.0,10.5404,10.5404,0
ARWR,0,23,25,0,0.0,5.73,5.73,0
ARTW,0,23,25,0,0.0,3.06,3.06,0
ASBB,0,23,25,0,0.0,24.651,24.651,0
ASNA,0,23,25,0,0.0,7.24,7.24,0
ASND,0,23,25,0,0.0,12.98,12.98,0
ASCMA,0,23,25,0,0.0,16.07,16.07,0
APWC,0,23,25,0,0.0,2.31,2.31,0
ASMB,0,23,25,0,0.0,6.17,6.17,0
ASFI,0,23,25,0,0.0,10.88,10.88,0
ALOT,0,23,25,0,0.0,15.8,15.8,0
ASTC,0,23,25,0,0.0,1.73,1.73,0
ASUR,0,23,25,0,0.0,4.8863,4.8863,0
ATAI,0,23,25,0,0.0,4.2218,4.2218,0
ATRA,0,23,25,0,0.0,23.17,23.17,0
ATHX,0,23,25,0,0.0,2.29,2.29,0
AAPC,0,23,25,0,0.0,10.34,10.34,0
AAME,0,23,25,0,0.0,4.1,4.1,0
ACBI,0,23,25,0,0.0,14.78,14.78,0
ACFC,0,23,25,0,0.0,6.058,6.058,0
ABY,0,23,25,0,0.0,20.32,20.32,0
ATLC,0,23,25,0,0.0,2.86,2.86,0
AFH,0,23,25,0,0.0,17.3,17.3,0
ATOS,0,23,25,0,0.0,0.283,0.283,0
ATRC,0,23,25,0,0.0,15.2,15.2,0
ATTU,0,23,25,0,0.0,9.9899,9.9899,0
LIFE,0,23,25,0,0.0,2.84,2.84,0
AUDC,0,23,25,0,0.0,4.165,4.165,0
AUPH,0,23,25,0,0.0,3.1,3.1,0
EARS,0,23,25,0,0.0,4.09,4.09,0
ABTL,0,23,25,0,0.0,14.73,14.73,0
AVEO,0,23,25,0,0.0,0.9471,0.9471,0
AVNW,0,23,25,0,0.0,8.0154,8.0154,0
AVID,0,23,25,0,0.0,6.11,6.11,0
AVGR,0,23,25,0,0.0,11.42,11.42,0
AVIR,0,23,25,0,0.0,1.4,1.4,0
AWRE,0,23,25,0,0.0,4.49,4.49,0
ACLS,0,23,25,0,0.0,10.31,10.31,0
AXGN,0,23,25,0,0.0,7.64,7.64,0
AXSM,0,23,25,0,0.0,7.67,7.67,0
AXTI,0,23,25,0,0.0,3.4,3.4,0
BCOM,0,23,25,0,0.0,24.89,24.89,0
RILY,0,23,25,0,0.0,8.95,8.95,0
BOSC,0,23,25,0,0.0,3.12,3.12,0
BWINA,0,23,25,0,0.0,23.2,23.2,0
BWINB,0,23,25,0,0.0,24.69,24.69,0
BLDP,0,23,25,0,0.0,1.28,1.28,0
BKMU,0,23,25,0,0.0,7.6,7.6,0
BOCH,0,23,25,0,0.0,6.33,6.33,0
BKSC,0,23,25,0,0.0,15.95,15.95,0
BOTJ,0,23,25,0,0.0,12.2054,12.2054,0
BFIN,0,23,25,0,0.0,12.38,12.38,0
BWFG,0,23,25,0,0.0,22.77,22.77,0
BZUN,0,23,25,0,0.0,6.77,6.77,0
BHAC,0,23,25,0,0.0,10.03,10.03,0
BHACR,0,23,25,0,0.0,0.1301,0.1301,0
BHACU,0,23,25,0,0.0,10.17,10.17,0
BHACW,0,23,25,0,0.0,0.0901,0.0901,0
BYBK,0,23,25,0,0.0,5.0,5.0,0
BV,0,23,25,0,0.0,4.2,4.2,0
BBCN,0,23,25,0,0.0,15.3,15.3,0
BCBP,0,23,25,0,0.0,10.5,10.5,0
BSF,0,23,25,0,0.0,9.44,9.44,0
BBGI,0,23,25,0,0.0,4.462,4.462,0
BEBE,0,23,25,0,0.0,0.4923,0.4923,0
BELFA,0,23,25,0,0.0,15.0844,15.0844,0
BELFB,0,23,25,0,0.0,18.04,18.04,0
BLPH,0,23,25,0,0.0,1.71,1.71,0
BLCM,0,23,25,0,0.0,14.96,14.96,0
BNCL,0,23,25,0,0.0,12.88,12.88,0
BNTC,0,23,25,0,0.0,1.311,1.311,0
BNTCW,0,23,25,0,0.0,0.47,0.47,0
BGCP,0,23,25,0,0.0,8.49,8.49,0
BGFV,0,23,25,0,0.0,9.85,9.85,0
BIND,0,23,25,0,0.0,0.5611,0.5611,0
ORPN,0,23,25,0,0.0,1.66,1.66,0
BASI,0,23,25,0,0.0,1.2001,1.2001,0
BIOC,0,23,25,0,0.0,0.6501,0.6501,0
BCRX,0,23,25,0,0.0,3.09,3.09,0
BIOD,0,23,25,0,0.0,0.3106,0.3106,0
BDSI,0,23,25,0,0.0,2.585,2.585,0
BIOL,0,23,25,0,0.0,1.038,1.038,0
BLFS,0,23,25,0,0.0,1.5742,1.5742,0
BLRX,0,23,25,0,0.0,0.834,0.834,0
BVXV,0,23,25,0,0.0,3.51,3.51,0
BVXVW,0,23,25,0,0.0,0.6,0.6,0
BPTH,0,23,25,0,0.0,1.79,1.79,0
BIOS,0,23,25,0,0.0,2.69,2.69,0
BBC,0,23,25,0,0.0,19.27,19.27,0
BSTG,0,23,25,0,0.0,1.1201,1.1201,0
BSPM,0,23,25,0,0.0,4.58,4.58,0
BEAT,0,23,25,0,0.0,16.54,16.54,0
BBOX,0,23,25,0,0.0,13.56,13.56,0
BDE,0,23,25,0,0.0,4.38,4.38,0
BBRY,0,23,25,0,0.0,6.65,6.65,0
BKCC,0,23,25,0,0.0,7.99,7.99,0
ADRD,0,23,25,0,0.0,19.3,19.3,0
ADRU,0,23,25,0,0.0,19.0807,19.0807,0
BLMN,0,23,25,0,0.0,17.63,17.63,0
BCOR,0,23,25,0,0.0,11.49,11.49,0
BLBD,0,23,25,0,0.0,11.95,11.95,0
BHBK,0,23,25,0,0.0,14.5,14.5,0
BKEP,0,23,25,0,0.0,5.45,5.45,0
BKEPP,0,23,25,0,0.0,8.2,8.2,0
BPMC,0,23,25,0,0.0,21.28,21.28,0
ITEQ,0,23,25,0,0.0,24.4411,24.4411,0
BMCH,0,23,25,0,0.0,18.72,18.72,0
BNCN,0,23,25,0,0.0,22.69,22.69,0
BOFI,0,23,25,0,0.0,17.7,17.7,0
WIFI,0,23,25,0,0.0,8.88,8.88,0
BOJA,0,23,25,0,0.0,17.2,17.2,0
BNSO,0,23,25,0,0.0,1.36,1.36,0
BPFH,0,23,25,0,0.0,11.85,11.85,0
BPFHW,0,23,25,0,0.0,5.0,5.0,0
EPAY,0,23,25,0,0.0,21.47,21.47,0
BLVD,0,23,25,0,0.0,9.6,9.6,0
BLVDU,0,23,25,0,0.0,9.94,9.94,0
BLVDW,0,23,25,0,0.0,0.4,0.4,0
BCLI,0,23,25,0,0.0,2.55,2.55,0
BBRG,0,23,25,0,0.0,8.22,8.22,0
BLIN,0,23,25,0,0.0,0.97,0.97,0
BRID,0,23,25,0,0.0,13.71,13.71,0
BCOV,0,23,25,0,0.0,9.44,9.44,0
BVSN,0,23,25,0,0.0,6.4199,6.4199,0
BYFC,0,23,25,0,0.0,1.86,1.86,0
BWEN,0,23,25,0,0.0,4.18,4.18,0
BRCD,0,23,25,0,0.0,9.4,9.4,0
BRKL,0,23,25,0,0.0,11.07,11.07,0
BRKS,0,23,25,0,0.0,11.55,11.55,0
BRKR,0,23,25,0,0.0,23.68,23.68,0
BLMT,0,23,25,0,0.0,23.39,23.39,0
BSQR,0,23,25,0,0.0,5.47,5.47,0
BLDR,0,23,25,0,0.0,12.34,12.34,0
BUR,0,23,25,0,0.0,1.77,1.77,0
CDZI,0,23,25,0,0.0,6.34,6.34,0
CACQ,0,23,25,0,0.0,12.09,12.09,0
CZR,0,23,25,0,0.0,6.85,6.85,0
PRSS,0,23,25,0,0.0,3.09,3.09,0
CLBS,0,23,25,0,0.0,0.57,0.57,0
CLMS,0,23,25,0,0.0,7.21,7.21,0
CHY,0,23,25,0,0.0,10.92,10.92,0
CHI,0,23,25,0,0.0,10.15,10.15,0
CCD,0,23,25,0,0.0,18.38,18.38,0
CFGE,0,23,25,0,0.0,10.0,10.0,0
CHW,0,23,25,0,0.0,7.07,7.07,0
CGO,0,23,25,0,0.0,11.0375,11.0375,0
CSQ,0,23,25,0,0.0,10.11,10.11,0
CAMP,0,23,25,0,0.0,14.25,14.25,0
CFNB,0,23,25,0,0.0,14.61,14.61,0
CALA,0,23,25,0,0.0,3.63,3.63,0
CALD,0,23,25,0,0.0,20.34,20.34,0
CLMT,0,23,25,0,0.0,4.5,4.5,0
ABCD,0,23,25,0,0.0,4.74,4.74,0
CAMT,0,23,25,0,0.0,2.26,2.26,0
CSIQ,0,23,25,0,0.0,15.02,15.02,0
CGIX,0,23,25,0,0.0,2.0001,2.0001,0
CPHC,0,23,25,0,0.0,11.0,11.0,0
CCBG,0,23,25,0,0.0,13.61,13.61,0
CPLP,0,23,25,0,0.0,2.87,2.87,0
CSWC,0,23,25,0,0.0,14.11,14.11,0
CPTA,0,23,25,0,0.0,14.4,14.4,0
CLAC,0,23,25,0,0.0,9.7,9.7,0
CLACU,0,23,25,0,0.0,9.95,9.95,0
CLACW,0,23,25,0,0.0,0.4,0.4,0
CFFN,0,23,25,0,0.0,14.0,14.0,0
CAPN,0,23,25,0,0.0,1.18,1.18,0
CAPNW,0,23,25,0,0.0,0.25,0.25,0
CAPR,0,23,25,0,0.0,4.02,4.02,0
CPST,0,23,25,0,0.0,1.36,1.36,0
CARA,0,23,25,0,0.0,5.18,5.18,0
CARB,0,23,25,0,0.0,9.73,9.73,0
CBYL,0,23,25,0,0.0,0.6699,0.6699,0
CFNL,0,23,25,0,0.0,22.08,22.08,0
CRME,0,23,25,0,0.0,5.42,5.42,0
CSII,0,23,25,0,0.0,19.62,19.62,0
CDNA,0,23,25,0,0.0,4.95,4.95,0
CECO,0,23,25,0,0.0,6.39,6.39,0
CTRE,0,23,25,0,0.0,14.38,14.38,0
CLBH,0,23,25,0,0.0,18.055,18.055,0
CARO,0,23,25,0,0.0,18.6,18.6,0
CART,0,23,25,0,0.0,5.9,5.9,0
TAST,0,23,25,0,0.0,12.36,12.36,0
CRTN,0,23,25,0,0.0,0.81,0.81,0
CARV,0,23,25,0,0.0,3.95,3.95,0
CASM,0,23,25,0,0.0,1.89,1.89,0
CACB,0,23,25,0,0.0,5.64,5.64,0
CASC,0,23,25,0,0.0,0.9691,0.9691,0
CWST,0,23,25,0,0.0,8.23,8.23,0
CASI,0,23,25,0,0.0,1.03,1.03,0
CATB,0,23,25,0,0.0,3.7,3.7,0
CBIO,0,23,25,0,0.0,1.49,1.49,0
CPRX,0,23,25,0,0.0,0.8,0.8,0
CATYW,0,23,25,0,0.0,7.5,7.5,0
CBFV,0,23,25,0,0.0,21.61,21.61,0
CECE,0,23,25,0,0.0,9.1,9.1,0
CELGZ,0,23,25,0,0.0,1.43,1.43,0
CLDX,0,23,25,0,0.0,4.64,4.64,0
CLRB,0,23,25,0,0.0,3.31,3.31,0
CLRBW,0,23,25,0,0.0,0.29,0.29,0
CLRBZ,0,23,25,0,0.0,0.84,0.84,0
CBMG,0,23,25,0,0.0,13.71,13.71,0
CLSN,0,23,25,0,0.0,1.3,1.3,0
CEMP,0,23,25,0,0.0,17.98,17.98,0
CETX,0,23,25,0,0.0,3.87,3.87,0
CSFL,0,23,25,0,0.0,15.84,15.84,0
CETV,0,23,25,0,0.0,2.13,2.13,0
CFBK,0,23,25,0,0.0,1.36,1.36,0
CENT,0,23,25,0,0.0,23.4,23.4,0
CENTA,0,23,25,0,0.0,22.01,22.01,0
CVCY,0,23,25,0,0.0,14.52,14.52,0
CFCB,0,23,25,0,0.0,16.575,16.575,0
CENX,0,23,25,0,0.0,6.93,6.93,0
CNTY,0,23,25,0,0.0,6.35,6.35,0
CRNT,0,23,25,0,0.0,1.75,1.75,0
CERC,0,23,25,0,0.0,2.53,2.53,0
CERCW,0,23,25,0,0.0,0.663,0.663,0
CERCZ,0,23,25,0,0.0,0.3999,0.3999,0
CERE,0,23,25,0,0.0,0.3955,0.3955,0
CERU,0,23,25,0,0.0,2.25,2.25,0
CERS,0,23,25,0,0.0,6.45,6.45,0
KOOL,0,23,25,0,0.0,2.96,2.96,0
CFCOU,0,23,25,0,0.0,9.8499,9.8499,0
CSBR,0,23,25,0,0.0,2.22,2.22,0
CYOU,0,23,25,0,0.0,20.67,20.67,0
HOTR,0,23,25,0,0.0,0.4415,0.4415,0
HOTRW,0,23,25,0,0.0,0.0347,0.0347,0
CTHR,0,23,25,0,0.0,1.02,1.02,0
GTLS,0,23,25,0,0.0,24.75,24.75,0
CHFN,0,23,25,0,0.0,13.19,13.19,0
CHEK,0,23,25,0,0.0,1.44,1.44,0
CHEKW,0,23,25,0,0.0,0.18,0.18,0
CEMI,0,23,25,0,0.0,8.33,8.33,0
CCXI,0,23,25,0,0.0,4.8,4.8,0
CHKE,0,23,25,0,0.0,11.37,11.37,0
CHMA,0,23,25,0,0.0,2.98,2.98,0
CBNK,0,23,25,0,0.0,18.48,18.48,0
CMRX,0,23,25,0,0.0,3.99,3.99,0
CADC,0,23,25,0,0.0,2.4799,2.4799,0
CALI,0,23,25,0,0.0,2.25,2.25,0
CAAS,0,23,25,0,0.0,3.35,3.35,0
CBAK,0,23,25,0,0.0,2.66,2.66,0
CCCL,0,23,25,0,0.0,2.26,2.26,0
CCCR,0,23,25,0,0.0,2.0,2.0,0
CCRC,0,23,25,0,0.0,12.26,12.26,0
JRJC,0,23,25,0,0.0,4.48,4.48,0
HGSH,0,23,25,0,0.0,1.74,1.74,0
CNIT,0,23,25,0,0.0,1.08,1.08,0
CJJD,0,23,25,0,0.0,1.87,1.87,0
CHNR,0,23,25,0,0.0,1.3189,1.3189,0
CREG,0,23,25,0,0.0,2.1423,2.1423,0
CNTF,0,23,25,0,0.0,1.77,1.77,0
CXDC,0,23,25,0,0.0,3.67,3.67,0
CNYD,0,23,25,0,0.0,3.21,3.21,0
CCIH,0,23,25,0,0.0,6.63,6.63,0
CNET,0,23,25,0,0.0,0.5625,0.5625,0
IMOS,0,23,25,0,0.0,17.72,17.72,0
CDXC,0,23,25,0,0.0,3.94,3.94,0
CDTX,0,23,25,0,0.0,11.27,11.27,0
CIFC,0,23,25,0,0.0,7.2917,7.2917,0
CMCT,0,23,25,0,0.0,16.2,16.2,0
CIDM,0,23,25,0,0.0,1.09,1.09,0
CPHR,0,23,25,0,0.0,5.0801,5.0801,0
CTRN,0,23,25,0,0.0,16.52,16.52,0
CZNC,0,23,25,0,0.0,20.46,20.46,0
CZWI,0,23,25,0,0.0,10.63,10.63,0
CZFC,0,23,25,0,0.0,14.6,14.6,0
CIZN,0,23,25,0,0.0,24.7409,24.7409,0
CIVB,0,23,25,0,0.0,13.68,13.68,0
CDTI,0,23,25,0,0.0,0.39,0.39,0
CLNE,0,23,25,0,0.0,3.41,3.41,0
CLNT,0,23,25,0,0.0,0.95,0.95,0
CLFD,0,23,25,0,0.0,17.67,17.67,0
CLRO,0,23,25,0,0.0,11.1857,11.1857,0
CLSD,0,23,25,0,0.0,6.545,6.545,0
CLIR,0,23,25,0,0.0,4.52,4.52,0
CBLI,0,23,25,0,0.0,3.02,3.02,0
CSBK,0,23,25,0,0.0,15.12,15.12,0
CLVS,0,23,25,0,0.0,14.73,14.73,0
CMFN,0,23,25,0,0.0,9.39,9.39,0
CCNE,0,23,25,0,0.0,17.79,17.79,0
CISG,0,23,25,0,0.0,7.35,7.35,0
CNV,0,23,25,0,0.0,4.99,4.99,0
CWAY,0,23,25,0,0.0,12.4355,12.4355,0
COBZ,0,23,25,0,0.0,12.2,12.2,0
CDXS,0,23,25,0,0.0,4.05,4.05,0
CVLY,0,23,25,0,0.0,20.9,20.9,0
JVA,0,23,25,0,0.0,5.7329,5.7329,0
CGNT,0,23,25,0,0.0,1.06,1.06,0
CHRS,0,23,25,0,0.0,17.22,17.22,0
COHU,0,23,25,0,0.0,11.4,11.4,0
CLCT,0,23,25,0,0.0,20.49,20.49,0
COLL,0,23,25,0,0.0,12.74,12.74,0
CBAN,0,23,25,0,0.0,9.4,9.4,0
CLCD,0,23,25,0,0.0,9.02,9.02,0
CMCO,0,23,25,0,0.0,14.99,14.99,0
CBMX,0,23,25,0,0.0,3.21,3.21,0
CBMXW,0,23,25,0,0.0,0.6501,0.6501,0
CUBN,0,23,25,0,0.0,15.466,15.466,0
CVGI,0,23,25,0,0.0,4.52,4.52,0
JCS,0,23,25,0,0.0,7.1877,7.1877,0
ESXB,0,23,25,0,0.0,5.14,5.14,0
CYHHZ,0,23,25,0,0.0,0.0041,0.0041,0
CWBC,0,23,25,0,0.0,7.46,7.46,0
COB,0,23,25,0,0.0,12.73,12.73,0
CGEN,0,23,25,0,0.0,6.79,6.79,0
CTG,0,23,25,0,0.0,5.03,5.03,0
CHCI,0,23,25,0,0.0,1.72,1.72,0
CMTL,0,23,25,0,0.0,13.12,13.12,0
CNAT,0,23,25,0,0.0,2.19,2.19,0
CNCE,0,23,25,0,0.0,11.8,11.8,0
CXRX,0,23,25,0,0.0,20.9,20.9,0
CCUR,0,23,25,0,0.0,5.21,5.21,0
CDOR,0,23,25,0,0.0,1.79,1.79,0
CFMS,0,23,25,0,0.0,7.64,7.64,0
CNFR,0,23,25,0,0.0,7.29,7.29,0
CNOB,0,23,25,0,0.0,15.55,15.55,0
CNXR,0,23,25,0,0.0,2.56,2.56,0
CONN,0,23,25,0,0.0,7.25,7.25,0
CWCO,0,23,25,0,0.0,12.99,12.99,0
CPSS,0,23,25,0,0.0,3.89,3.89,0
CFRX,0,23,25,0,0.0,2.72,2.72,0
CFRXW,0,23,25,0,0.0,0.181,0.181,0
CTRV,0,23,25,0,0.0,1.03,1.03,0
CTRL,0,23,25,0,0.0,8.23,8.23,0
COYN,0,23,25,0,0.0,1.5285,1.5285,0
COYNW,0,23,25,0,0.0,0.2885,0.2885,0
CRBP,0,23,25,0,0.0,2.99,2.99,0
CORT,0,23,25,0,0.0,6.01,6.01,0
BVA,0,23,25,0,0.0,5.062,5.062,0
CORI,0,23,25,0,0.0,4.0,4.0,0
CRVS,0,23,25,0,0.0,14.65,14.65,0
COSI,0,23,25,0,0.0,0.3,0.3,0
CPAH,0,23,25,0,0.0,2.3799,2.3799,0
ICBK,0,23,25,0,0.0,20.4,20.4,0
CVTI,0,23,25,0,0.0,19.16,19.16,0
COVS,0,23,25,0,0.0,2.27,2.27,0
COWN,0,23,25,0,0.0,3.42,3.42,0
PMTS,0,23,25,0,0.0,4.75,4.75,0
CPSH,0,23,25,0,0.0,1.61,1.61,0
BREW,0,23,25,0,0.0,11.82,11.82,0
CRESY,0,23,25,0,0.0,14.76,14.76,0
CROX,0,23,25,0,0.0,11.73,11.73,0
CCRN,0,23,25,0,0.0,15.05,15.05,0
XRDC,0,23,25,0,0.0,2.05,2.05,0
CRDS,0,23,25,0,0.0,4.06,4.06,0
CRWS,0,23,25,0,0.0,9.68,9.68,0
CYRX,0,23,25,0,0.0,1.82,1.82,0
CYRXW,0,23,25,0,0.0,0.65,0.65,0
CCLP,0,23,25,0,0.0,7.96,7.96,0
CSPI,0,23,25,0,0.0,8.4,8.4,0
CTIC,0,23,25,0,0.0,0.3549,0.3549,0
CTIB,0,23,25,0,0.0,7.01,7.01,0
CUNB,0,23,25,0,0.0,23.55,23.55,0
CUI,0,23,25,0,0.0,4.85,4.85,0
CPIX,0,23,25,0,0.0,4.64,4.64,0
CMLS,0,23,25,0,0.0,0.3211,0.3211,0
CRIS,0,23,25,0,0.0,1.7,1.7,0
CUTR,0,23,25,0,0.0,11.09,11.09,0
CVBF,0,23,25,0,0.0,16.27,16.27,0
CVV,0,23,25,0,0.0,8.65,8.65,0
CYAN,0,23,25,0,0.0,5.21,5.21,0
CYBE,0,23,25,0,0.0,16.089,16.089,0
CYCC,0,23,25,0,0.0,5.02,5.02,0
CYCCP,0,23,25,0,0.0,6.53,6.53,0
CBAY,0,23,25,0,0.0,1.58,1.58,0
CYNA,0,23,25,0,0.0,16.34,16.34,0
CY,0,23,25,0,0.0,10.525,10.525,0
CYRN,0,23,25,0,0.0,1.93,1.93,0
CYTK,0,23,25,0,0.0,10.33,10.33,0
CTMX,0,23,25,0,0.0,10.71,10.71,0
CYTX,0,23,25,0,0.0,2.06,2.06,0
CYTXW,0,23,25,0,0.0,0.82,0.82,0
CTSO,0,23,25,0,0.0,4.9,4.9,0
CYTR,0,23,25,0,0.0,2.26,2.26,0
DAKT,0,23,25,0,0.0,6.53,6.53,0
DAIO,0,23,25,0,0.0,2.63,2.63,0
DTLK,0,23,25,0,0.0,7.85,7.85,0
DRAM,0,23,25,0,0.0,0.47,0.47,0
DWCH,0,23,25,0,0.0,5.92,5.92,0
DTEA,0,23,25,0,0.0,13.84,13.84,0
DWSN,0,23,25,0,0.0,8.11,8.11,0
DHRM,0,23,25,0,0.0,1.62,1.62,0
DFRG,0,23,25,0,0.0,14.6,14.6,0
TACO,0,23,25,0,0.0,9.01,9.01,0
TACOW,0,23,25,0,0.0,1.83,1.83,0
DCTH,0,23,25,0,0.0,0.2471,0.2471,0
DELT,0,23,25,0,0.0,1.01,1.01,0
DELTW,0,23,25,0,0.0,0.06,0.06,0
DENN,0,23,25,0,0.0,11.01,11.01,0
DEPO,0,23,25,0,0.0,18.77,18.77,0
DSCI,0,23,25,0,0.0,4.19,4.19,0
DEST,0,23,25,0,0.0,6.01,6.01,0
DXLG,0,23,25,0,0.0,5.14,5.14,0
DSWL,0,23,25,0,0.0,1.5589,1.5589,0
DTRM,0,23,25,0,0.0,1.35,1.35,0
DXTR,0,23,25,0,0.0,1.9,1.9,0
DHXM,0,23,25,0,0.0,5.4294,5.4294,0
DCIX,0,23,25,0,0.0,3.83,3.83,0
DRNA,0,23,25,0,0.0,3.48,3.48,0
DFBG,0,23,25,0,0.0,3.05,3.05,0
DGII,0,23,25,0,0.0,10.3,10.3,0
DRAD,0,23,25,0,0.0,5.45,5.45,0
DGLY,0,23,25,0,0.0,6.66,6.66,0
APPS,0,23,25,0,0.0,1.12,1.12,0
DCOM,0,23,25,0,0.0,17.07,17.07,0
DMTX,0,23,25,0,0.0,6.66,6.66,0
DIOD,0,23,25,0,0.0,17.73,17.73,0
DPRX,0,23,25,0,0.0,10.08,10.08,0
DISCK,0,23,25,0,0.0,24.445,24.445,0
DVCR,0,23,25,0,0.0,8.55,8.55,0
SAUC,0,23,25,0,0.0,1.56,1.56,0
DLHC,0,23,25,0,0.0,5.2376,5.2376,0
DNBF,0,23,25,0,0.0,23.7501,23.7501,0
DGICA,0,23,25,0,0.0,16.46,16.46,0
DGICB,0,23,25,0,0.0,15.6,15.6,0
DMLP,0,23,25,0,0.0,14.11,14.11,0
EAGL,0,23,25,0,0.0,9.72,9.72,0
EAGLU,0,23,25,0,0.0,9.98,9.98,0
EAGLW,0,23,25,0,0.0,0.293,0.293,0
DRWI,0,23,25,0,0.0,3.86,3.86,0
DRWIW,0,23,25,0,0.0,0.0115,0.0115,0
DRYS,0,23,25,0,0.0,0.455,0.455,0
DSKX,0,23,25,0,0.0,0.6699,0.6699,0
DSPG,0,23,25,0,0.0,10.57,10.57,0
CADT,0,23,25,0,0.0,4.99,4.99,0
CADTW,0,23,25,0,0.0,0.107,0.107,0
DLTH,0,23,25,0,0.0,24.41,24.41,0
DRRX,0,23,25,0,0.0,1.27,1.27,0
DXPE,0,23,25,0,0.0,17.41,17.41,0
BOOM,0,23,25,0,0.0,10.97,10.97,0
DYSL,0,23,25,0,0.0,1.45,1.45,0
DYNT,0,23,25,0,0.0,2.924,2.924,0
DVAX,0,23,25,0,0.0,15.49,15.49,0
ETFC,0,23,25,0,0.0,23.59,23.59,0
EBMT,0,23,25,0,0.0,12.7,12.7,0
EGLE,0,23,25,0,0.0,0.365,0.365,0
ELNK,0,23,25,0,0.0,6.55,6.55,0
EACQ,0,23,25,0,0.0,9.9,9.9,0
EACQU,0,23,25,0,0.0,10.1,10.1,0
EACQW,0,23,25,0,0.0,0.7,0.7,0
EML,0,23,25,0,0.0,16.81,16.81,0
EVBS,0,23,25,0,0.0,7.65,7.65,0
EBAY,0,23,25,0,0.0,24.61,24.61,0
ELON,0,23,25,0,0.0,4.9,4.9,0
ECHO,0,23,25,0,0.0,23.08,23.08,0
ECTE,0,23,25,0,0.0,1.79,1.79,0
EEI,0,23,25,0,0.0,10.45,10.45,0
ECAC,0,23,25,0,0.0,10.166,10.166,0
ECACR,0,23,25,0,0.0,0.26,0.26,0
ECACU,0,23,25,0,0.0,10.28,10.28,0
ESES,0,23,25,0,0.0,2.6,2.6,0
EDAP,0,23,25,0,0.0,3.23,3.23,0
EDGE,0,23,25,0,0.0,9.73,9.73,0
EDGW,0,23,25,0,0.0,8.63,8.63,0
EDUC,0,23,25,0,0.0,13.11,13.11,0
EFUT,0,23,25,0,0.0,5.112,5.112,0
EGAN,0,23,25,0,0.0,2.78,2.78,0
EGLT,0,23,25,0,0.0,5.56,5.56,0
EHTH,0,23,25,0,0.0,13.73,13.73,0
EIGR,0,23,25,0,0.0,18.5,18.5,0
LOCO,0,23,25,0,0.0,13.16,13.16,0
EMITF,0,23,25,0,0.0,2.31,2.31,0
ERI,0,23,25,0,0.0,15.09,15.09,0
ELRC,0,23,25,0,0.0,15.45,15.45,0
ESIO,0,23,25,0,0.0,6.03,6.03,0
ELSE,0,23,25,0,0.0,3.3,3.3,0
ELEC,0,23,25,0,0.0,9.78,9.78,0
ELECU,0,23,25,0,0.0,10.03,10.03,0
ELECW,0,23,25,0,0.0,0.22,0.22,0
EBIO,0,23,25,0,0.0,2.47,2.47,0
RDEN,0,23,25,0,0.0,13.87,13.87,0
CAPX,0,23,25,0,0.0,24.155,24.155,0
ESBK,0,23,25,0,0.0,19.75,19.75,0
ELTK,0,23,25,0,0.0,1.0799,1.0799,0
EMCF,0,23,25,0,0.0,24.41,24.41,0
EMKR,0,23,25,0,0.0,6.31,6.31,0
EMMS,0,23,25,0,0.0,3.36,3.36,0
NYNY,0,23,25,0,0.0,16.0,16.0,0
ERS,0,23,25,0,0.0,3.86,3.86,0
ENTA,0,23,25,0,0.0,23.34,23.34,0
ECPG,0,23,25,0,0.0,23.39,23.39,0
ENDP,0,23,25,0,0.0,17.41,17.41,0
ECYT,0,23,25,0,0.0,3.21,3.21,0
ELGX,0,23,25,0,0.0,14.24,14.24,0
EIGI,0,23,25,0,0.0,8.98,8.98,0
WATT,0,23,25,0,0.0,12.26,12.26,0
EFOI,0,23,25,0,0.0,5.71,5.71,0
ERII,0,23,25,0,0.0,9.11,9.11,0
ENOC,0,23,25,0,0.0,6.5,6.5,0
ENG,0,23,25,0,0.0,1.2499,1.2499,0
ENPH,0,23,25,0,0.0,1.96,1.96,0
ENFC,0,23,25,0,0.0,17.49,17.49,0
ENTG,0,23,25,0,0.0,14.69,14.69,0
ENTL,0,23,25,0,0.0,18.03,18.03,0
ETRM,0,23,25,0,0.0,0.2967,0.2967,0
EBTC,0,23,25,0,0.0,24.65,24.65,0
EGT,0,23,25,0,0.0,1.9,1.9,0
ENZY,0,23,25,0,0.0,8.58,8.58,0
EPIQ,0,23,25,0,0.0,14.78,14.78,0
EPRS,0,23,25,0,0.0,0.305,0.305,0
EPZM,0,23,25,0,0.0,10.31,10.31,0
EQFN,0,23,25,0,0.0,8.426,8.426,0
EQBK,0,23,25,0,0.0,21.56,21.56,0
EAC,0,23,25,0,0.0,0.62,0.62,0
ERIC,0,23,25,0,0.0,7.56,7.56,0
ESCA,0,23,25,0,0.0,9.8,9.8,0
ESMC,0,23,25,0,0.0,0.7099,0.7099,0
ESPR,0,23,25,0,0.0,11.19,11.19,0
ESSA,0,23,25,0,0.0,13.56,13.56,0
EPIX,0,23,25,0,0.0,2.75,2.75,0
ETSY,0,23,25,0,0.0,9.6,9.6,0
CLWT,0,23,25,0,0.0,3.29,3.29,0
ESEA,0,23,25,0,0.0,1.85,1.85,0
EVEP,0,23,25,0,0.0,2.44,2.44,0
EVK,0,23,25,0,0.0,2.06,2.06,0
EVLV,0,23,25,0,0.0,1.85,1.85,0
EVOK,0,23,25,0,0.0,8.38,8.38,0
EVOL,0,23,25,0,0.0,5.14,5.14,0
EXA,0,23,25,0,0.0,14.94,14.94,0
EXAS,0,23,25,0,0.0,12.43,12.43,0
EXEL,0,23,25,0,0.0,8.15,8.15,0
EXFO,0,23,25,0,0.0,3.39,3.39,0
EXTR,0,23,25,0,0.0,3.54,3.54,0
EYEG,0,23,25,0,0.0,2.44,2.44,0
EYEGW,0,23,25,0,0.0,0.6,0.6,0
EZPW,0,23,25,0,0.0,8.97,8.97,0
FCS,0,23,25,0,0.0,19.66,19.66,0
FRP,0,23,25,0,0.0,15.21,15.21,0
FALC,0,23,25,0,0.0,1.09,1.09,0
DAVE,0,23,25,0,0.0,5.16,5.16,0
FMNB,0,23,25,0,0.0,8.85,8.85,0
FATE,0,23,25,0,0.0,1.74,1.74,0
FBSS,0,23,25,0,0.0,14.88,14.88,0
FBRC,0,23,25,0,0.0,15.27,15.27,0
FDML,0,23,25,0,0.0,8.88,8.88,0
FNHC,0,23,25,0,0.0,19.56,19.56,0
FHCO,0,23,25,0,0.0,1.27,1.27,0
FENX,0,23,25,0,0.0,4.14,4.14,0
GSM,0,23,25,0,0.0,8.74,8.74,0
FCSC,0,23,25,0,0.0,1.21,1.21,0
FGEN,0,23,25,0,0.0,17.76,17.76,0
LION,0,23,25,0,0.0,15.79,15.79,0
FDUS,0,23,25,0,0.0,15.51,15.51,0
FRGI,0,23,25,0,0.0,23.44,23.44,0
FSAM,0,23,25,0,0.0,4.04,4.04,0
FSC,0,23,25,0,0.0,5.21,5.21,0
FSFR,0,23,25,0,0.0,8.18,8.18,0
FITB,0,23,25,0,0.0,17.25,17.25,0
FNSR,0,23,25,0,0.0,18.06,18.06,0
FNJN,0,23,25,0,0.0,1.74,1.74,0
FNTC,0,23,25,0,0.0,9.8,9.8,0
FNTCU,0,23,25,0,0.0,10.3501,10.3501,0
FNTCW,0,23,25,0,0.0,0.95,0.95,0
FEYE,0,23,25,0,0.0,16.42,16.42,0
FBNC,0,23,25,0,0.0,18.1,18.1,0
FNLC,0,23,25,0,0.0,21.62,21.62,0
FRBA,0,23,25,0,0.0,6.91,6.91,0
BUSE,0,23,25,0,0.0,22.15,22.15,0
FBIZ,0,23,25,0,0.0,22.75,22.75,0
FCLF,0,23,25,0,0.0,12.19,12.19,0
FCBC,0,23,25,0,0.0,22.45,22.45,0
FCCO,0,23,25,0,0.0,13.96,13.96,0
FCFP,0,23,25,0,0.0,8.9,8.9,0
FBNK,0,23,25,0,0.0,16.86,16.86,0
FFBC,0,23,25,0,0.0,19.18,19.18,0
FFBCW,0,23,25,0,0.0,7.57,7.57,0
FFNW,0,23,25,0,0.0,13.39,13.39,0
FFWM,0,23,25,0,0.0,22.0,22.0,0
FGBI,0,23,25,0,0.0,15.9647,15.9647,0
INBK,0,23,25,0,0.0,24.08,24.08,0
FRME,0,23,25,0,0.0,24.72,24.72,0
FMBH,0,23,25,0,0.0,25.0,25.0,0
FMBI,0,23,25,0,0.0,17.74,17.74,0
FNBC,0,23,25,0,0.0,17.37,17.37,0
FNFG,0,23,25,0,0.0,9.68,9.68,0
FNWB,0,23,25,0,0.0,12.88,12.88,0
FSBK,0,23,25,0,0.0,9.44,9.44,0
BICK,0,23,25,0,0.0,20.51,20.51,0
FBZ,0,23,25,0,0.0,12.68,12.68,0
FCAN,0,23,25,0,0.0,23.1801,23.1801,0
FCA,0,23,25,0,0.0,18.5622,18.5622,0
FVC,0,23,25,0,0.0,21.05,21.05,0
FV,0,23,25,0,0.0,22.65,22.65,0
IFV,0,23,25,0,0.0,16.45,16.45,0
FEM,0,23,25,0,0.0,19.43,19.43,0
FTGC,0,23,25,0,0.0,21.45,21.45,0
FTHI,0,23,25,0,0.0,20.0214,20.0214,0
FTAG,0,23,25,0,0.0,20.3124,20.3124,0
FTRI,0,23,25,0,0.0,10.53,10.53,0
FPXI,0,23,25,0,0.0,24.51,24.51,0
YDIV,0,23,25,0,0.0,16.65,16.65,0
FLN,0,23,25,0,0.0,16.6407,16.6407,0
FTLB,0,23,25,0,0.0,19.1988,19.1988,0
MDIV,0,23,25,0,0.0,19.38,19.38,0
QCLN,0,23,25,0,0.0,14.55,14.55,0
CIBR,0,23,25,0,0.0,17.6001,17.6001,0
RDVY,0,23,25,0,0.0,20.55,20.55,0
AIRR,0,23,25,0,0.0,18.9499,18.9499,0
QINC,0,23,25,0,0.0,22.6299,22.6299,0
FKO,0,23,25,0,0.0,22.6291,22.6291,0
TUSA,0,23,25,0,0.0,24.78,24.78,0
FUNC,0,23,25,0,0.0,9.7,9.7,0
SVVC,0,23,25,0,0.0,7.4164,7.4164,0
FMER,0,23,25,0,0.0,19.78,19.78,0
FVE,0,23,25,0,0.0,2.37,2.37,0
FIVN,0,23,25,0,0.0,12.0,12.0,0
FLML,0,23,25,0,0.0,11.36,11.36,0
FLKS,0,23,25,0,0.0,11.27,11.27,0
FLXN,0,23,25,0,0.0,16.25,16.25,0
MBSD,0,23,25,0,0.0,24.998,24.998,0
FLEX,0,23,25,0,0.0,12.53,12.53,0
FLDM,0,23,25,0,0.0,9.64,9.64,0
FFIC,0,23,25,0,0.0,20.48,20.48,0
FOMX,0,23,25,0,0.0,6.57,6.57,0
FOGO,0,23,25,0,0.0,13.36,13.36,0
FONR,0,23,25,0,0.0,21.02,21.02,0
FES,0,23,25,0,0.0,0.1625,0.1625,0
FH,0,23,25,0,0.0,1.92,1.92,0
FORM,0,23,25,0,0.0,9.55,9.55,0
FBIO,0,23,25,0,0.0,2.89,2.89,0
FORD,0,23,25,0,0.0,1.328,1.328,0
FWP,0,23,25,0,0.0,19.2,19.2,0
FMI,0,23,25,0,0.0,21.82,21.82,0
FOXF,0,23,25,0,0.0,17.67,17.67,0
FRAN,0,23,25,0,0.0,11.85,11.85,0
FRED,0,23,25,0,0.0,15.5,15.5,0
RAIL,0,23,25,0,0.0,14.63,14.63,0
FEIM,0,23,25,0,0.0,11.23,11.23,0
FRPT,0,23,25,0,0.0,10.1,10.1,0
FTEO,0,23,25,0,0.0,16.25,16.25,0
FTR,0,23,25,0,0.0,4.97,4.97,0
FTEK,0,23,25,0,0.0,1.68,1.68,0
FCEL,0,23,25,0,0.0,5.73,5.73,0
FORK,0,23,25,0,0.0,2.12,2.12,0
FULL,0,23,25,0,0.0,2.67,2.67,0
FLL,0,23,25,0,0.0,1.99,1.99,0
FULT,0,23,25,0,0.0,13.49,13.49,0
FNCX,0,23,25,0,0.0,0.2501,0.2501,0
FSNN,0,23,25,0,0.0,1.86,1.86,0
FFHL,0,23,25,0,0.0,0.9964,0.9964,0
WILC,0,23,25,0,0.0,4.24,4.24,0
GAIA,0,23,25,0,0.0,7.78,7.78,0
GALT,0,23,25,0,0.0,1.56,1.56,0
GALTU,0,23,25,0,0.0,4.19,4.19,0
GALTW,0,23,25,0,0.0,0.1113,0.1113,0
GALE,0,23,25,0,0.0,0.4554,0.4554,0
GLMD,0,23,25,0,0.0,4.35,4.35,0
GPIC,0,23,25,0,0.0,9.55,9.55,0
GGAC,0,23,25,0,0.0,9.7,9.7,0
GGACR,0,23,25,0,0.0,0.0656,0.0656,0
GGACU,0,23,25,0,0.0,9.12,9.12,0
GGACW,0,23,25,0,0.0,0.0359,0.0359,0
GARS,0,23,25,0,0.0,10.48,10.48,0
GENC,0,23,25,0,0.0,15.0,15.0,0
GNCMA,0,23,25,0,0.0,16.41,16.41,0
GFN,0,23,25,0,0.0,4.25,4.25,0
GFNSL,0,23,25,0,0.0,23.5322,23.5322,0
GENE,0,23,25,0,0.0,2.2,2.2,0
GNMK,0,23,25,0,0.0,9.98,9.98,0
GNCA,0,23,25,0,0.0,4.47,4.47,0
GNTX,0,23,25,0,0.0,15.42,15.42,0
GNVC,0,23,25,0,0.0,0.56,0.56,0
GTWN,0,23,25,0,0.0,19.866,19.866,0
GEOS,0,23,25,0,0.0,16.63,16.63,0
GERN,0,23,25,0,0.0,2.72,2.72,0
GEVO,0,23,25,0,0.0,0.54,0.54,0
GIGM,0,23,25,0,0.0,2.49,2.49,0
GIGA,0,23,25,0,0.0,1.0916,1.0916,0
GILT,0,23,25,0,0.0,4.1599,4.1599,0
GLAD,0,23,25,0,0.0,7.64,7.64,0
GOOD,0,23,25,0,0.0,17.17,17.17,0
GAIN,0,23,25,0,0.0,7.32,7.32,0
LAND,0,23,25,0,0.0,11.27,11.27,0
GLBZ,0,23,25,0,0.0,10.75,10.75,0
GBT,0,23,25,0,0.0,17.62,17.62,0
ENT,0,23,25,0,0.0,7.1,7.1,0
GPAC,0,23,25,0,0.0,9.8,9.8,0
GPACU,0,23,25,0,0.0,9.8,9.8,0
GPACW,0,23,25,0,0.0,0.23,0.23,0
SELF,0,23,25,0,0.0,5.64,5.64,0
GSOL,0,23,25,0,0.0,9.26,9.26,0
GWRS,0,23,25,0,0.0,8.91,8.91,0
ACTX,0,23,25,0,0.0,12.82,12.82,0
BFIT,0,23,25,0,0.0,15.46,15.46,0
LNGR,0,23,25,0,0.0,15.41,15.41,0
MILN,0,23,25,0,0.0,15.7197,15.7197,0
QQQC,0,23,25,0,0.0,19.88,19.88,0
SOCL,0,23,25,0,0.0,21.45,21.45,0
ALTY,0,23,25,0,0.0,15.155,15.155,0
SRET,0,23,25,0,0.0,15.05,15.05,0
YLCO,0,23,25,0,0.0,11.19,11.19,0
GBIM,0,23,25,0,0.0,0.95,0.95,0
GLBS,0,23,25,0,0.0,0.4281,0.4281,0
GLRI,0,23,25,0,0.0,0.249,0.249,0
GLUU,0,23,25,0,0.0,2.35,2.35,0
GLYC,0,23,25,0,0.0,7.15,7.15,0
GOGO,0,23,25,0,0.0,8.6,8.6,0
GLNG,0,23,25,0,0.0,15.92,15.92,0
GMLP,0,23,25,0,0.0,18.02,18.02,0
GLDC,0,23,25,0,0.0,7.26,7.26,0
GDEN,0,23,25,0,0.0,11.62,11.62,0
GOGL,0,23,25,0,0.0,0.68,0.68,0
GBDC,0,23,25,0,0.0,18.44,18.44,0
GTIM,0,23,25,0,0.0,3.73,3.73,0
GPRO,0,23,25,0,0.0,10.97,10.97,0
GMAN,0,23,25,0,0.0,1.2958,1.2958,0
GRSH,0,23,25,0,0.0,10.24,10.24,0
GRSHU,0,23,25,0,0.0,10.9,10.9,0
GRSHW,0,23,25,0,0.0,0.68,0.68,0
GOV,0,23,25,0,0.0,23.32,23.32,0
GPIA,0,23,25,0,0.0,9.7,9.7,0
GPIAU,0,23,25,0,0.0,9.97,9.97,0
GPIAW,0,23,25,0,0.0,0.6499,0.6499,0
GRVY,0,23,25,0,0.0,4.4287,4.4287,0
GBSN,0,23,25,0,0.0,1.2982,1.2982,0
GEC,0,23,25,0,0.0,6.56,6.56,0
GLDD,0,23,25,0,0.0,4.62,4.62,0
GNBC,0,23,25,0,0.0,9.0,9.0,0
GRBK,0,23,25,0,0.0,7.36,7.36,0
GPP,0,23,25,0,0.0,15.47,15.47,0
GPRE,0,23,25,0,0.0,20.78,20.78,0
GCBC,0,23,25,0,0.0,16.77,16.77,0
GLRE,0,23,25,0,0.0,19.81,19.81,0
GRFS,0,23,25,0,0.0,16.91,16.91,0
GRPN,0,23,25,0,0.0,3.4,3.4,0
GSIT,0,23,25,0,0.0,4.18,4.18,0
GSVC,0,23,25,0,0.0,5.4,5.4,0
GTXI,0,23,25,0,0.0,0.587,0.587,0
GBNK,0,23,25,0,0.0,17.05,17.05,0
GFED,0,23,25,0,0.0,16.25,16.25,0
GUID,0,23,25,0,0.0,6.06,6.06,0
GIFI,0,23,25,0,0.0,6.88,6.88,0
GURE,0,23,25,0,0.0,1.46,1.46,0
GWGH,0,23,25,0,0.0,6.75,6.75,0
GYRO,0,23,25,0,0.0,19.876,19.876,0
HEES,0,23,25,0,0.0,19.23,19.23,0
HLG,0,23,25,0,0.0,8.3501,8.3501,0
HNRG,0,23,25,0,0.0,4.52,4.52,0
HALL,0,23,25,0,0.0,11.43,11.43,0
HALO,0,23,25,0,0.0,9.11,9.11,0
HBK,0,23,25,0,0.0,13.91,13.91,0
HMPR,0,23,25,0,0.0,1.8,1.8,0
HAFC,0,23,25,0,0.0,23.24,23.24,0
HNSN,0,23,25,0,0.0,3.97,3.97,0
HQCL,0,23,25,0,0.0,14.42,14.42,0
HONE,0,23,25,0,0.0,12.68,12.68,0
HDNG,0,23,25,0,0.0,10.03,10.03,0
HLIT,0,23,25,0,0.0,2.93,2.93,0
HRMN,0,23,25,0,0.0,10.01,10.01,0
HRMNU,0,23,25,0,0.0,10.2,10.2,0
HRMNW,0,23,25,0,0.0,0.2,0.2,0
TINY,0,23,25,0,0.0,1.53,1.53,0
HBIO,0,23,25,0,0.0,2.8,2.8,0
HCAP,0,23,25,0,0.0,13.029,13.029,0
HCOM,0,23,25,0,0.0,21.76,21.76,0
HWBK,0,23,25,0,0.0,13.7,13.7,0
HIIQ,0,23,25,0,0.0,4.065,4.065,0
HWAY,0,23,25,0,0.0,12.0,12.0,0
HTLD,0,23,25,0,0.0,17.99,17.99,0
HTBX,0,23,25,0,0.0,0.661,0.661,0
HSII,0,23,25,0,0.0,17.45,17.45,0
HMNY,0,23,25,0,0.0,9.85,9.85,0
HMTV,0,23,25,0,0.0,12.02,12.02,0
HCAC,0,23,25,0,0.0,9.75,9.75,0
HCACU,0,23,25,0,0.0,10.3,10.3,0
HCACW,0,23,25,0,0.0,0.61,0.61,0
HTBK,0,23,25,0,0.0,10.33,10.33,0
HFWA,0,23,25,0,0.0,17.37,17.37,0
HEOP,0,23,25,0,0.0,7.99,7.99,0
HCCI,0,23,25,0,0.0,12.5,12.5,0
HRTX,0,23,25,0,0.0,18.68,18.68,0
HPJ,0,23,25,0,0.0,1.87,1.87,0
HIHO,0,23,25,0,0.0,4.4835,4.4835,0
HIMX,0,23,25,0,0.0,8.03,8.03,0
HSGX,0,23,25,0,0.0,1.8479,1.8479,0
HMNF,0,23,25,0,0.0,13.5,13.5,0
HMSY,0,23,25,0,0.0,18.55,18.55,0
HOLI,0,23,25,0,0.0,17.63,17.63,0
HOMB,0,23,25,0,0.0,19.73,19.73,0
HFBL,0,23,25,0,0.0,21.36,21.36,0
HMST,0,23,25,0,0.0,20.1,20.1,0
HTBI,0,23,25,0,0.0,18.24,18.24,0
CETC,0,23,25,0,0.0,0.317,0.317,0
HOFT,0,23,25,0,0.0,22.12,22.12,0
HFBC,0,23,25,0,0.0,11.75,11.75,0
HZNP,0,23,25,0,0.0,18.71,18.71,0
HRZN,0,23,25,0,0.0,12.9,12.9,0
HDP,0,23,25,0,0.0,10.57,10.57,0
HMHC,0,23,25,0,0.0,15.92,15.92,0
HWCC,0,23,25,0,0.0,5.49,5.49,0
HOVNP,0,23,25,0,0.0,5.14,5.14,0
HBMD,0,23,25,0,0.0,12.85,12.85,0
HTGM,0,23,25,0,0.0,2.71,2.71,0
HSON,0,23,25,0,0.0,2.1332,2.1332,0
HDSN,0,23,25,0,0.0,3.47,3.47,0
HBAN,0,23,25,0,0.0,8.7,8.7,0
HTCH,0,23,25,0,0.0,3.3,3.3,0
HCM,0,23,25,0,0.0,13.76,13.76,0
HBP,0,23,25,0,0.0,6.24,6.24,0
HDRA,0,23,25,0,0.0,9.92,9.92,0
HDRAR,0,23,25,0,0.0,0.2,0.2,0
HDRAU,0,23,25,0,0.0,10.19,10.19,0
HDRAW,0,23,25,0,0.0,0.14,0.14,0
HYGS,0,23,25,0,0.0,7.1001,7.1001,0
IDSY,0,23,25,0,0.0,5.03,5.03,0
IKGH,0,23,25,0,0.0,1.0701,1.0701,0
ICAD,0,23,25,0,0.0,5.01,5.01,0
ICON,0,23,25,0,0.0,6.84,6.84,0
IPWR,0,23,25,0,0.0,5.13,5.13,0
INVE,0,23,25,0,0.0,1.97,1.97,0
IDRA,0,23,25,0,0.0,1.68,1.68,0
DSKY,0,23,25,0,0.0,13.35,13.35,0
IESC,0,23,25,0,0.0,13.48,13.48,0
IROQ,0,23,25,0,0.0,18.83,18.83,0
IRG,0,23,25,0,0.0,1.55,1.55,0
RXDX,0,23,25,0,0.0,6.03,6.03,0
IIVI,0,23,25,0,0.0,18.99,18.99,0
KANG,0,23,25,0,0.0,18.23,18.23,0
IKNX,0,23,25,0,0.0,10.61,10.61,0
ISNS,0,23,25,0,0.0,2.56,2.56,0
IMMR,0,23,25,0,0.0,7.21,7.21,0
ICCC,0,23,25,0,0.0,6.75,6.75,0
IMDZ,0,23,25,0,0.0,8.17,8.17,0
IMNP,0,23,25,0,0.0,0.3995,0.3995,0
IMGN,0,23,25,0,0.0,3.2,3.2,0
IMMU,0,23,25,0,0.0,2.48,2.48,0
IMMY,0,23,25,0,0.0,3.85,3.85,0
SAAS,0,23,25,0,0.0,13.88,13.88,0
IBCP,0,23,25,0,0.0,14.6,14.6,0
IDSA,0,23,25,0,0.0,1.6354,1.6354,0
INFN,0,23,25,0,0.0,11.32,11.32,0
INFI,0,23,25,0,0.0,1.4,1.4,0
III,0,23,25,0,0.0,3.74,3.74,0
IFON,0,23,25,0,0.0,0.7602,0.7602,0
INWK,0,23,25,0,0.0,8.8,8.8,0
INNL,0,23,25,0,0.0,5.93,5.93,0
INOD,0,23,25,0,0.0,2.3,2.3,0
ISSC,0,23,25,0,0.0,2.93,2.93,0
INVA,0,23,25,0,0.0,11.64,11.64,0
ITEK,0,23,25,0,0.0,8.57,8.57,0
INOV,0,23,25,0,0.0,19.22,19.22,0
INO,0,23,25,0,0.0,9.11,9.11,0
ISIG,0,23,25,0,0.0,2.2,2.2,0
INSM,0,23,25,0,0.0,10.75,10.75,0
INSY,0,23,25,0,0.0,15.66,15.66,0
NTEC,0,23,25,0,0.0,4.45,4.45,0
IDTI,0,23,25,0,0.0,20.29,20.29,0
IQNT,0,23,25,0,0.0,19.85,19.85,0
NTLA,0,23,25,0,0.0,19.51,19.51,0
IPCI,0,23,25,0,0.0,1.54,1.54,0
ICLD,0,23,25,0,0.0,0.601,0.601,0
ICLDW,0,23,25,0,0.0,0.1,0.1,0
TILE,0,23,25,0,0.0,15.56,15.56,0
LINK,0,23,25,0,0.0,11.1,11.1,0
IMI,0,23,25,0,0.0,1.5,1.5,0
INAP,0,23,25,0,0.0,2.32,2.32,0
IGLD,0,23,25,0,0.0,13.78,13.78,0
IIJI,0,23,25,0,0.0,10.5606,10.5606,0
IDXG,0,23,25,0,0.0,0.39,0.39,0
XENT,0,23,25,0,0.0,13.58,13.58,0
INTX,0,23,25,0,0.0,2.17,2.17,0
ISIL,0,23,25,0,0.0,13.98,13.98,0
IILG,0,23,25,0,0.0,16.6,16.6,0
IVAC,0,23,25,0,0.0,5.73,5.73,0
IIN,0,23,25,0,0.0,4.42,4.42,0
INVT,0,23,25,0,0.0,1.59,1.59,0
SNAK,0,23,25,0,0.0,7.87,7.87,0
ISTR,0,23,25,0,0.0,15.68,15.68,0
ISBC,0,23,25,0,0.0,11.115,11.115,0
NVIV,0,23,25,0,0.0,6.51,6.51,0
IVTY,0,23,25,0,0.0,10.49,10.49,0
IPAS,0,23,25,0,0.0,1.2116,1.2116,0
IRMD,0,23,25,0,0.0,22.13,22.13,0
IRIX,0,23,25,0,0.0,15.86,15.86,0
IRDM,0,23,25,0,0.0,8.89,8.89,0
IRWD,0,23,25,0,0.0,13.37,13.37,0
EWZS,0,23,25,0,0.0,10.32,10.32,0
EUFN,0,23,25,0,0.0,15.01,15.01,0
QAT,0,23,25,0,0.0,18.18,18.18,0
UAE,0,23,25,0,0.0,16.5899,16.5899,0
ICLN,0,23,25,0,0.0,8.92,8.92,0
ISLE,0,23,25,0,0.0,18.44,18.44,0
ITI,0,23,25,0,0.0,3.4,3.4,0
ITRN,0,23,25,0,0.0,23.33,23.33,0
ITUS,0,23,25,0,0.0,3.2,3.2,0
XXIA,0,23,25,0,0.0,10.05,10.05,0
IXYS,0,23,25,0,0.0,10.77,10.77,0
IZEA,0,23,25,0,0.0,7.04,7.04,0
JASO,0,23,25,0,0.0,6.9,6.9,0
JAGX,0,23,25,0,0.0,1.8801,1.8801,0
JAKK,0,23,25,0,0.0,8.38,8.38,0
JMBA,0,23,25,0,0.0,10.22,10.22,0
JASN,0,23,25,0,0.0,3.69,3.69,0
JASNW,0,23,25,0,0.0,0.25,0.25,0
JD,0,23,25,0,0.0,20.72,20.72,0
JSYN,0,23,25,0,0.0,9.88,9.88,0
JSYNR,0,23,25,0,0.0,0.15,0.15,0
JSYNU,0,23,25,0,0.0,10.1201,10.1201,0
JSYNW,0,23,25,0,0.0,0.08,0.08,0
JBLU,0,23,25,0,0.0,17.11,17.11,0
JTPY,0,23,25,0,0.0,2.3,2.3,0
JCTCF,0,23,25,0,0.0,11.1,11.1,0
JIVE,0,23,25,0,0.0,3.81,3.81,0
WYIG,0,23,25,0,0.0,9.78,9.78,0
WYIGU,0,23,25,0,0.0,9.895,9.895,0
WYIGW,0,23,25,0,0.0,0.1482,0.1482,0
JNP,0,23,25,0,0.0,7.89,7.89,0
KTWO,0,23,25,0,0.0,16.77,16.77,0
KMDA,0,23,25,0,0.0,3.7004,3.7004,0
KNDI,0,23,25,0,0.0,6.86,6.86,0
KPTI,0,23,25,0,0.0,7.11,7.11,0
KBSF,0,23,25,0,0.0,0.331,0.331,0
KCAP,0,23,25,0,0.0,3.84,3.84,0
KRNY,0,23,25,0,0.0,12.75,12.75,0
KELYA,0,23,25,0,0.0,19.73,19.73,0
KELYB,0,23,25,0,0.0,19.65,19.65,0
KMPH,0,23,25,0,0.0,4.29,4.29,0
KFFB,0,23,25,0,0.0,8.3799,8.3799,0
KERX,0,23,25,0,0.0,7.25,7.25,0
KEQU,0,23,25,0,0.0,18.9603,18.9603,0
KTEC,0,23,25,0,0.0,9.1,9.1,0
KTCC,0,23,25,0,0.0,7.44,7.44,0
KFRC,0,23,25,0,0.0,17.74,17.74,0
KE,0,23,25,0,0.0,12.78,12.78,0
KBAL,0,23,25,0,0.0,11.69,11.69,0
KIN,0,23,25,0,0.0,3.675,3.675,0
KGJI,0,23,25,0,0.0,1.8,1.8,0
KINS,0,23,25,0,0.0,8.8,8.8,0
KONE,0,23,25,0,0.0,1.7,1.7,0
KIRK,0,23,25,0,0.0,15.06,15.06,0
KTOV,0,23,25,0,0.0,3.09,3.09,0
KTOVW,0,23,25,0,0.0,0.78,0.78,0
KLRE,0,23,25,0,0.0,10.0,10.0,0
KLREU,0,23,25,0,0.0,10.1999,10.1999,0
KLREW,0,23,25,0,0.0,0.22,0.22,0
KONA,0,23,25,0,0.0,10.97,10.97,0
KZ,0,23,25,0,0.0,4.73,4.73,0
KOPN,0,23,25,0,0.0,2.46,2.46,0
KRNT,0,23,25,0,0.0,10.08,10.08,0
KOSS,0,23,25,0,0.0,2.08,2.08,0
KTOS,0,23,25,0,0.0,4.24,4.24,0
KUTV,0,23,25,0,0.0,1.0216,1.0216,0
KLIC,0,23,25,0,0.0,12.16,12.16,0
KURA,0,23,25,0,0.0,2.89,2.89,0
KVHI,0,23,25,0,0.0,7.56,7.56,0
FSTR,0,23,25,0,0.0,10.74,10.74,0
LJPC,0,23,25,0,0.0,16.85,16.85,0
DRIO,0,23,25,0,0.0,4.73,4.73,0
DRIOW,0,23,25,0,0.0,1.0408,1.0408,0
LSBK,0,23,25,0,0.0,13.14,13.14,0
LSBG,0,23,25,0,0.0,17.14,17.14,0
LBAI,0,23,25,0,0.0,11.44,11.44,0
LAKE,0,23,25,0,0.0,9.2,9.2,0
LCAHU,0,23,25,0,0.0,10.01,10.01,0
LNDC,0,23,25,0,0.0,11.0,11.0,0
LMRK,0,23,25,0,0.0,16.28,16.28,0
LE,0,23,25,0,0.0,16.7,16.7,0
LNTH,0,23,25,0,0.0,4.65,4.65,0
LTRX,0,23,25,0,0.0,1.12,1.12,0
LPSB,0,23,25,0,0.0,16.86,16.86,0
LSCC,0,23,25,0,0.0,5.64,5.64,0
LAWS,0,23,25,0,0.0,20.08,20.08,0
LAYN,0,23,25,0,0.0,8.47,8.47,0
LCNB,0,23,25,0,0.0,16.25,16.25,0
LBIX,0,23,25,0,0.0,2.04,2.04,0
LGCY,0,23,25,0,0.0,1.7,1.7,0
LGCYO,0,23,25,0,0.0,4.41,4.41,0
LGCYP,0,23,25,0,0.0,4.43,4.43,0
DDBI,0,23,25,0,0.0,24.16,24.16,0
LMAT,0,23,25,0,0.0,13.7,13.7,0
LXRX,0,23,25,0,0.0,15.03,15.03,0
QVCB,0,23,25,0,0.0,24.885,24.885,0
BATRA,0,23,25,0,0.0,15.49,15.49,0
BATRK,0,23,25,0,0.0,14.87,14.87,0
LMCA,0,23,25,0,0.0,19.52,19.52,0
LMCK,0,23,25,0,0.0,19.37,19.37,0
TAX,0,23,25,0,0.0,13.47,13.47,0
LTRPA,0,23,25,0,0.0,22.62,22.62,0
LTRPB,0,23,25,0,0.0,23.2,23.2,0
LCUT,0,23,25,0,0.0,14.75,14.75,0
LFVN,0,23,25,0,0.0,14.26,14.26,0
LWAY,0,23,25,0,0.0,12.05,12.05,0
LTBR,0,23,25,0,0.0,0.54,0.54,0
LPTH,0,23,25,0,0.0,1.65,1.65,0
LIME,0,23,25,0,0.0,2.43,2.43,0
LLNW,0,23,25,0,0.0,1.56,1.56,0
LMNR,0,23,25,0,0.0,18.0,18.0,0
LINC,0,23,25,0,0.0,1.47,1.47,0
LIND,0,23,25,0,0.0,9.85,9.85,0
LINDW,0,23,25,0,0.0,2.0999,2.0999,0
LBIO,0,23,25,0,0.0,8.64,8.64,0
LIOX,0,23,25,0,0.0,4.08,4.08,0
LPCN,0,23,25,0,0.0,3.34,3.34,0
LQDT,0,23,25,0,0.0,7.78,7.78,0
LOB,0,23,25,0,0.0,14.14,14.14,0
LIVE,0,23,25,0,0.0,1.71,1.71,0
LPSN,0,23,25,0,0.0,7.1,7.1,0
LMFA,0,23,25,0,0.0,7.9492,7.9492,0
LMFAW,0,23,25,0,0.0,0.5,0.5,0
LMIA,0,23,25,0,0.0,7.95,7.95,0
LOGI,0,23,25,0,0.0,15.9,15.9,0
EVAR,0,23,25,0,0.0,1.25,1.25,0
CNCR,0,23,25,0,0.0,23.58,23.58,0
LONE,0,23,25,0,0.0,13.16,13.16,0
LTEA,0,23,25,0,0.0,7.54,7.54,0
LOXO,0,23,25,0,0.0,24.83,24.83,0
LPTN,0,23,25,0,0.0,1.75,1.75,0
LPLA,0,23,25,0,0.0,22.71,22.71,0
LRAD,0,23,25,0,0.0,1.85,1.85,0
LYTS,0,23,25,0,0.0,11.49,11.49,0
LITE,0,23,25,0,0.0,24.51,24.51,0
LMNX,0,23,25,0,0.0,21.66,21.66,0
LMOS,0,23,25,0,0.0,12.56,12.56,0
LUNA,0,23,25,0,0.0,1.21,1.21,0
MBTF,0,23,25,0,0.0,8.5,8.5,0
MIIIU,0,23,25,0,0.0,9.79,9.79,0
MCBC,0,23,25,0,0.0,7.42,7.42,0
MFNC,0,23,25,0,0.0,11.0899,11.0899,0
MCUR,0,23,25,0,0.0,1.55,1.55,0
MAGS,0,23,25,0,0.0,5.0,5.0,0
MPET,0,23,25,0,0.0,1.19,1.19,0
MGIC,0,23,25,0,0.0,6.9,6.9,0
CALL,0,23,25,0,0.0,6.17,6.17,0
MNGA,0,23,25,0,0.0,0.585,0.585,0
MGYR,0,23,25,0,0.0,9.9,9.9,0
MHLD,0,23,25,0,0.0,12.07,12.07,0
MSFG,0,23,25,0,0.0,22.01,22.01,0
COOL,0,23,25,0,0.0,0.7118,0.7118,0
MMYT,0,23,25,0,0.0,15.66,15.66,0
MBUU,0,23,25,0,0.0,13.03,13.03,0
MLVF,0,23,25,0,0.0,15.1,15.1,0
MAMS,0,23,25,0,0.0,6.07,6.07,0
LOAN,0,23,25,0,0.0,5.37,5.37,0
MNTX,0,23,25,0,0.0,7.15,7.15,0
MTEX,0,23,25,0,0.0,20.02,20.02,0
MNKD,0,23,25,0,0.0,1.17,1.17,0
MARA,0,23,25,0,0.0,2.69,2.69,0
MCHX,0,23,25,0,0.0,3.17,3.17,0
MARPS,0,23,25,0,0.0,4.02,4.02,0
MRNS,0,23,25,0,0.0,1.42,1.42,0
MRLN,0,23,25,0,0.0,16.54,16.54,0
MBII,0,23,25,0,0.0,0.81,0.81,0
MRTN,0,23,25,0,0.0,21.47,21.47,0
MMLP,0,23,25,0,0.0,23.82,23.82,0
MRVL,0,23,25,0,0.0,10.0,10.0,0
MTCH,0,23,25,0,0.0,14.88,14.88,0
MATN,0,23,25,0,0.0,0.68,0.68,0
MTLS,0,23,25,0,0.0,7.13,7.13,0
MTRX,0,23,25,0,0.0,16.75,16.75,0
MATR,0,23,25,0,0.0,3.7,3.7,0
MXPT,0,23,25,0,0.0,11.6,11.6,0
MXWL,0,23,25,0,0.0,5.31,5.31,0
MZOR,0,23,25,0,0.0,20.5,20.5,0
MCFT,0,23,25,0,0.0,11.26,11.26,0
MDCA,0,23,25,0,0.0,17.71,17.71,0
MFIN,0,23,25,0,0.0,7.71,7.71,0
MTBC,0,23,25,0,0.0,0.8716,0.8716,0
MNOV,0,23,25,0,0.0,7.23,7.23,0
MDGS,0,23,25,0,0.0,0.9332,0.9332,0
MDWD,0,23,25,0,0.0,7.88,7.88,0
MDVX,0,23,25,0,0.0,1.3,1.3,0
MDVXW,0,23,25,0,0.0,0.103,0.103,0
MEET,0,23,25,0,0.0,5.84,5.84,0
MEIP,0,23,25,0,0.0,1.415,1.415,0
MPEL,0,23,25,0,0.0,11.95,11.95,0
MELR,0,23,25,0,0.0,14.9,14.9,0
MEMP,0,23,25,0,0.0,1.83,1.83,0
MRD,0,23,25,0,0.0,16.29,16.29,0
MENT,0,23,25,0,0.0,21.37,21.37,0
MTSL,0,23,25,0,0.0,1.1795,1.1795,0
MBWM,0,23,25,0,0.0,24.11,24.11,0
MERC,0,23,25,0,0.0,8.17,8.17,0
EBSB,0,23,25,0,0.0,15.21,15.21,0
VIVO,0,23,25,0,0.0,20.04,20.04,0
MMSI,0,23,25,0,0.0,20.89,20.89,0
MACK,0,23,25,0,0.0,5.62,5.62,0
MSLI,0,23,25,0,0.0,1.2384,1.2384,0
MRUS,0,23,25,0,0.0,8.745,8.745,0
MESO,0,23,25,0,0.0,4.1,4.1,0
MBLX,0,23,25,0,0.0,0.8,0.8,0
MFRI,0,23,25,0,0.0,7.5,7.5,0
MGCD,0,23,25,0,0.0,6.55,6.55,0
MU,0,23,25,0,0.0,12.63,12.63,0
MICT,0,23,25,0,0.0,1.9786,1.9786,0
MICTW,0,23,25,0,0.0,0.1791,0.1791,0
MVIS,0,23,25,0,0.0,1.93,1.93,0
MPB,0,23,25,0,0.0,15.85,15.85,0
MTP,0,23,25,0,0.0,2.8901,2.8901,0
MCEP,0,23,25,0,0.0,1.75,1.75,0
MSBI,0,23,25,0,0.0,22.09,22.09,0
MIME,0,23,25,0,0.0,10.19,10.19,0
MDXG,0,23,25,0,0.0,8.25,8.25,0
MNDO,0,23,25,0,0.0,2.11,2.11,0
MB,0,23,25,0,0.0,16.51,16.51,0
NERV,0,23,25,0,0.0,10.67,10.67,0
MRTX,0,23,25,0,0.0,5.58,5.58,0
MIRN,0,23,25,0,0.0,4.325,4.325,0
MSON,0,23,25,0,0.0,5.56,5.56,0
MIND,0,23,25,0,0.0,3.75,3.75,0
MINDP,0,23,25,0,0.0,24.1,24.1,0
MITK,0,23,25,0,0.0,7.79,7.79,0
MITL,0,23,25,0,0.0,7.18,7.18,0
MMAC,0,23,25,0,0.0,18.42,18.42,0
MOBL,0,23,25,0,0.0,3.3,3.3,0
MOCO,0,23,25,0,0.0,14.424,14.424,0
MDSY,0,23,25,0,0.0,1.55,1.55,0
MLNK,0,23,25,0,0.0,1.28,1.28,0
MBRX,0,23,25,0,0.0,6.79,6.79,0
MNTA,0,23,25,0,0.0,11.41,11.41,0
MOMO,0,23,25,0,0.0,11.69,11.69,0
MCRI,0,23,25,0,0.0,21.63,21.63,0
MGI,0,23,25,0,0.0,6.84,6.84,0
TYPE,0,23,25,0,0.0,24.2,24.2,0
MRCC,0,23,25,0,0.0,15.12,15.12,0
MSDI,0,23,25,0,0.0,3.45,3.45,0
MSDIW,0,23,25,0,0.0,0.46,0.46,0
MHGC,0,23,25,0,0.0,2.16,2.16,0
MOSY,0,23,25,0,0.0,0.4171,0.4171,0
MDM,0,23,25,0,0.0,4.85,4.85,0
MRVC,0,23,25,0,0.0,11.88,11.88,0
MSBF,0,23,25,0,0.0,13.6899,13.6899,0
MFLX,0,23,25,0,0.0,23.38,23.38,0
MYOK,0,23,25,0,0.0,13.62,13.62,0
MYOS,0,23,25,0,0.0,1.95,1.95,0
MYRG,0,23,25,0,0.0,24.96,24.96,0
NBRV,0,23,25,0,0.0,7.9801,7.9801,0
NAKD,0,23,25,0,0.0,1.5,1.5,0
NNDM,0,23,25,0,0.0,6.8499,6.8499,0
NANO,0,23,25,0,0.0,20.89,20.89,0
NSTG,0,23,25,0,0.0,12.99,12.99,0
NH,0,23,25,0,0.0,13.6899,13.6899,0
NK,0,23,25,0,0.0,6.72,6.72,0
NSSC,0,23,25,0,0.0,6.9799,6.9799,0
NTRA,0,23,25,0,0.0,12.52,12.52,0
NAUH,0,23,25,0,0.0,2.0076,2.0076,0
NCMI,0,23,25,0,0.0,15.62,15.62,0
NCOM,0,23,25,0,0.0,23.99,23.99,0
NGHC,0,23,25,0,0.0,20.9,20.9,0
NHLD,0,23,25,0,0.0,3.1,3.1,0
NRCIA,0,23,25,0,0.0,14.58,14.58,0
NSEC,0,23,25,0,0.0,18.392,18.392,0
NAII,0,23,25,0,0.0,10.73,10.73,0
NATR,0,23,25,0,0.0,10.61,10.61,0
NAVI,0,23,25,0,0.0,12.69,12.69,0
NCIT,0,23,25,0,0.0,13.86,13.86,0
NKTR,0,23,25,0,0.0,14.92,14.92,0
NEO,0,23,25,0,0.0,9.15,9.15,0
NEON,0,23,25,0,0.0,1.53,1.53,0
NEOS,0,23,25,0,0.0,9.37,9.37,0
NEOT,0,23,25,0,0.0,1.03,1.03,0
NVCN,0,23,25,0,0.0,0.49,0.49,0
NEPT,0,23,25,0,0.0,1.01,1.01,0
UEPS,0,23,25,0,0.0,10.02,10.02,0
NETE,0,23,25,0,0.0,1.9,1.9,0
NTAP,0,23,25,0,0.0,24.535,24.535,0
NLST,0,23,25,0,0.0,1.25,1.25,0
NTCT,0,23,25,0,0.0,23.08,23.08,0
NTWK,0,23,25,0,0.0,5.79,5.79,0
CUR,0,23,25,0,0.0,0.289,0.289,0
NDRM,0,23,25,0,0.0,16.97,16.97,0
NURO,0,23,25,0,0.0,1.7601,1.7601,0
NUROW,0,23,25,0,0.0,0.2177,0.2177,0
NYMT,0,23,25,0,0.0,6.07,6.07,0
NYMTO,0,23,25,0,0.0,23.1889,23.1889,0
NYMTP,0,23,25,0,0.0,22.91,22.91,0
NLNK,0,23,25,0,0.0,11.79,11.79,0
NWS,0,23,25,0,0.0,12.04,12.04,0
NWSA,0,23,25,0,0.0,11.67,11.67,0
NEWS,0,23,25,0,0.0,9.96,9.96,0
NEWT,0,23,25,0,0.0,12.48,12.48,0
NXEO,0,23,25,0,0.0,8.63,8.63,0
NXEOU,0,23,25,0,0.0,9.25,9.25,0
NXEOW,0,23,25,0,0.0,0.7122,0.7122,0
NVET,0,23,25,0,0.0,4.95,4.95,0
NFEC,0,23,25,0,0.0,0.7476,0.7476,0
EGOV,0,23,25,0,0.0,22.75,22.75,0
NICK,0,23,25,0,0.0,10.69,10.69,0
NIHD,0,23,25,0,0.0,3.16,3.16,0
NVLS,0,23,25,0,0.0,4.62,4.62,0
NMIH,0,23,25,0,0.0,5.63,5.63,0
NNBR,0,23,25,0,0.0,14.46,14.46,0
NDLS,0,23,25,0,0.0,10.12,10.12,0
NSYS,0,23,25,0,0.0,3.75,3.75,0
NBN,0,23,25,0,0.0,11.24,11.24,0
NTIC,0,23,25,0,0.0,11.21,11.21,0
NFBK,0,23,25,0,0.0,14.77,14.77,0
NWBI,0,23,25,0,0.0,14.81,14.81,0
NWBO,0,23,25,0,0.0,0.5292,0.5292,0
NWBOW,0,23,25,0,0.0,0.43,0.43,0
NWPX,0,23,25,0,0.0,10.89,10.89,0
NVFY,0,23,25,0,0.0,0.4831,0.4831,0
NVMI,0,23,25,0,0.0,11.05,11.05,0
NVDQ,0,23,25,0,0.0,8.81,8.81,0
NOVT,0,23,25,0,0.0,15.55,15.55,0
MIFI,0,23,25,0,0.0,1.59,1.59,0
NVAX,0,23,25,0,0.0,7.62,7.62,0
NVCR,0,23,25,0,0.0,11.66,11.66,0
NVGN,0,23,25,0,0.0,1.91,1.91,0
NUAN,0,23,25,0,0.0,15.855,15.855,0
NMRX,0,23,25,0,0.0,7.8,7.8,0
NUTR,0,23,25,0,0.0,23.45,23.45,0
NVTR,0,23,25,0,0.0,7.3,7.3,0
QQQX,0,23,25,0,0.0,18.12,18.12,0
NXTM,0,23,25,0,0.0,22.91,22.91,0
NXTD,0,23,25,0,0.0,0.39,0.39,0
NXTDW,0,23,25,0,0.0,0.1999,0.1999,0
NYMX,0,23,25,0,0.0,3.3801,3.3801,0
OIIM,0,23,25,0,0.0,1.66,1.66,0
OVLY,0,23,25,0,0.0,9.82,9.82,0
OASM,0,23,25,0,0.0,3.35,3.35,0
OBCI,0,23,25,0,0.0,2.23,2.23,0
OPTT,0,23,25,0,0.0,2.82,2.82,0
ORIG,0,23,25,0,0.0,2.42,2.42,0
OSHC,0,23,25,0,0.0,17.0,17.0,0
OCFC,0,23,25,0,0.0,18.34,18.34,0
OCRX,0,23,25,0,0.0,2.61,2.61,0
OCLR,0,23,25,0,0.0,4.76,4.76,0
OFED,0,23,25,0,0.0,19.75,19.75,0
OCUL,0,23,25,0,0.0,5.94,5.94,0
OCLS,0,23,25,0,0.0,4.32,4.32,0
OCLSW,0,23,25,0,0.0,0.2499,0.2499,0
OMEX,0,23,25,0,0.0,2.23,2.23,0
ODP,0,23,25,0,0.0,3.29,3.29,0
OFS,0,23,25,0,0.0,13.35,13.35,0
OHAI,0,23,25,0,0.0,2.29,2.29,0
OVBC,0,23,25,0,0.0,21.95,21.95,0
OHRP,0,23,25,0,0.0,2.7,2.7,0
OLBK,0,23,25,0,0.0,18.48,18.48,0
ONB,0,23,25,0,0.0,12.45,12.45,0
OPOF,0,23,25,0,0.0,19.39,19.39,0
OSBC,0,23,25,0,0.0,6.83,6.83,0
OSBCP,0,23,25,0,0.0,10.22,10.22,0
OLLI,0,23,25,0,0.0,24.74,24.74,0
OMER,0,23,25,0,0.0,11.59,11.59,0
ON,0,23,25,0,0.0,8.91,8.91,0
OTIV,0,23,25,0,0.0,0.94,0.94,0
ONS,0,23,25,0,0.0,3.49,3.49,0
ONSIW,0,23,25,0,0.0,0.35,0.35,0
ONSIZ,0,23,25,0,0.0,0.4201,0.4201,0
OGXI,0,23,25,0,0.0,1.02,1.02,0
OMED,0,23,25,0,0.0,13.01,13.01,0
ONTX,0,23,25,0,0.0,4.7,4.7,0
ONCS,0,23,25,0,0.0,1.7,1.7,0
OHGI,0,23,25,0,0.0,0.885,0.885,0
ONVI,0,23,25,0,0.0,3.7001,3.7001,0
OPXA,0,23,25,0,0.0,4.26,4.26,0
OPXAW,0,23,25,0,0.0,0.06,0.06,0
OPGN,0,23,25,0,0.0,1.56,1.56,0
OPGNW,0,23,25,0,0.0,0.1421,0.1421,0
OPK,0,23,25,0,0.0,9.87,9.87,0
OBAS,0,23,25,0,0.0,7.4215,7.4215,0
OCC,0,23,25,0,0.0,2.2701,2.2701,0
OPHC,0,23,25,0,0.0,4.22,4.22,0
ORMP,0,23,25,0,0.0,8.0201,8.0201,0
OSUR,0,23,25,0,0.0,6.44,6.44,0
ORBC,0,23,25,0,0.0,10.3,10.3,0
OREX,0,23,25,0,0.0,0.445,0.445,0
SEED,0,23,25,0,0.0,1.9,1.9,0
OACQ,0,23,25,0,0.0,10.28,10.28,0
OACQR,0,23,25,0,0.0,0.1522,0.1522,0
OACQU,0,23,25,0,0.0,10.55,10.55,0
OACQW,0,23,25,0,0.0,0.07,0.07,0
OESX,0,23,25,0,0.0,1.1732,1.1732,0
ORIT,0,23,25,0,0.0,16.11,16.11,0
ORRF,0,23,25,0,0.0,17.95,17.95,0
OSIR,0,23,25,0,0.0,5.03,5.03,0
OSN,0,23,25,0,0.0,0.73,0.73,0
OTEL,0,23,25,0,0.0,4.25,4.25,0
OTIC,0,23,25,0,0.0,15.86,15.86,0
OVAS,0,23,25,0,0.0,5.66,5.66,0
OSTK,0,23,25,0,0.0,16.61,16.61,0
OXBR,0,23,25,0,0.0,4.93,4.93,0
OXBRW,0,23,25,0,0.0,0.45,0.45,0
OXFD,0,23,25,0,0.0,8.81,8.81,0
OXLC,0,23,25,0,0.0,9.06,9.06,0
PFIN,0,23,25,0,0.0,9.3905,9.3905,0
PTSI,0,23,25,0,0.0,17.01,17.01,0
PACE,0,23,25,0,0.0,9.85,9.85,0
PACEU,0,23,25,0,0.0,10.0,10.0,0
PACEW,0,23,25,0,0.0,0.25,0.25,0
PACB,0,23,25,0,0.0,7.53,7.53,0
PCBK,0,23,25,0,0.0,15.85,15.85,0
PEIX,0,23,25,0,0.0,5.69,5.69,0
PMBC,0,23,25,0,0.0,6.95,6.95,0
PPBI,0,23,25,0,0.0,24.31,24.31,0
PAAC,0,23,25,0,0.0,10.1,10.1,0
PAACR,0,23,25,0,0.0,0.14,0.14,0
PAACU,0,23,25,0,0.0,10.5,10.5,0
PAACW,0,23,25,0,0.0,0.098,0.098,0
PTIE,0,23,25,0,0.0,2.24,2.24,0
PAAS,0,23,25,0,0.0,18.36,18.36,0
PANL,0,23,25,0,0.0,2.36,2.36,0
FRSH,0,23,25,0,0.0,7.17,7.17,0
PRTK,0,23,25,0,0.0,13.29,13.29,0
PCYG,0,23,25,0,0.0,9.7,9.7,0
PSTB,0,23,25,0,0.0,7.2,7.2,0
PKBK,0,23,25,0,0.0,13.05,13.05,0
PRKR,0,23,25,0,0.0,3.35,3.35,0
PARN,0,23,25,0,0.0,1.63,1.63,0
PTNR,0,23,25,0,0.0,4.65,4.65,0
PBHC,0,23,25,0,0.0,11.53,11.53,0
PNBK,0,23,25,0,0.0,12.9999,12.9999,0
PATI,0,23,25,0,0.0,20.2,20.2,0
PEGI,0,23,25,0,0.0,23.76,23.76,0
PTEN,0,23,25,0,0.0,21.09,21.09,0
PAVMU,0,23,25,0,0.0,13.4,13.4,0
PYDS,0,23,25,0,0.0,1.3,1.3,0
PBBI,0,23,25,0,0.0,8.55,8.55,0
PCCC,0,23,25,0,0.0,24.2,24.2,0
PCMI,0,23,25,0,0.0,11.2,11.2,0
PCTI,0,23,25,0,0.0,4.89,4.89,0
PDFS,0,23,25,0,0.0,14.19,14.19,0
PDLI,0,23,25,0,0.0,3.28,3.28,0
PDVW,0,23,25,0,0.0,23.67,23.67,0
SKIS,0,23,25,0,0.0,4.605,4.605,0
PGC,0,23,25,0,0.0,19.29,19.29,0
PCO,0,23,25,0,0.0,0.5418,0.5418,0
PENN,0,23,25,0,0.0,13.77,13.77,0
PFLT,0,23,25,0,0.0,12.65,12.65,0
PNNT,0,23,25,0,0.0,6.99,6.99,0
PTXP,0,23,25,0,0.0,15.92,15.92,0
PEBO,0,23,25,0,0.0,21.64,21.64,0
PEBK,0,23,25,0,0.0,19.5495,19.5495,0
PFBX,0,23,25,0,0.0,10.43,10.43,0
PBCT,0,23,25,0,0.0,14.83,14.83,0
PUB,0,23,25,0,0.0,17.44,17.44,0
PRCP,0,23,25,0,0.0,4.9899,4.9899,0
PPHM,0,23,25,0,0.0,0.39,0.39,0
PPHMP,0,23,25,0,0.0,17.89,17.89,0
PRFT,0,23,25,0,0.0,20.82,20.82,0
PFMT,0,23,25,0,0.0,1.59,1.59,0
PERF,0,23,25,0,0.0,2.41,2.41,0
PERI,0,23,25,0,0.0,1.11,1.11,0
PESI,0,23,25,0,0.0,5.1,5.1,0
PTX,0,23,25,0,0.0,0.55,0.55,0
PERY,0,23,25,0,0.0,20.47,20.47,0
PGLC,0,23,25,0,0.0,4.93,4.93,0
PETS,0,23,25,0,0.0,19.24,19.24,0
PFSW,0,23,25,0,0.0,9.41,9.41,0
PGTI,0,23,25,0,0.0,11.54,11.54,0
PZRX,0,23,25,0,0.0,4.105,4.105,0
PHII,0,23,25,0,0.0,19.3,19.3,0
PHIIK,0,23,25,0,0.0,19.06,19.06,0
PAHC,0,23,25,0,0.0,19.88,19.88,0
PHMD,0,23,25,0,0.0,0.2303,0.2303,0
PLAB,0,23,25,0,0.0,8.9,8.9,0
PICO,0,23,25,0,0.0,10.0,10.0,0
PIRS,0,23,25,0,0.0,1.65,1.65,0
PME,0,23,25,0,0.0,1.168,1.168,0
PNK,0,23,25,0,0.0,11.03,11.03,0
PPSI,0,23,25,0,0.0,5.05,5.05,0
PXLW,0,23,25,0,0.0,1.99,1.99,0
PLPM,0,23,25,0,0.0,4.04,4.04,0
PLUG,0,23,25,0,0.0,1.73,1.73,0
PLBC,0,23,25,0,0.0,9.05,9.05,0
PSTI,0,23,25,0,0.0,1.45,1.45,0
PBSK,0,23,25,0,0.0,17.86,17.86,0
PNTR,0,23,25,0,0.0,5.4,5.4,0
PCOM,0,23,25,0,0.0,9.14,9.14,0
PLCM,0,23,25,0,0.0,12.25,12.25,0
BPOPM,0,23,25,0,0.0,22.4501,22.4501,0
BPOPN,0,23,25,0,0.0,23.1,23.1,0
PBIB,0,23,25,0,0.0,1.6146,1.6146,0
PTLA,0,23,25,0,0.0,24.27,24.27,0
PBPB,0,23,25,0,0.0,12.65,12.65,0
PSIX,0,23,25,0,0.0,19.57,19.57,0
PDBC,0,23,25,0,0.0,17.3299,17.3299,0
IDLB,0,23,25,0,0.0,24.655,24.655,0
PAGG,0,23,25,0,0.0,22.896,22.896,0
LALT,0,23,25,0,0.0,22.7899,22.7899,0
PSCE,0,23,25,0,0.0,16.2,16.2,0
PRAN,0,23,25,0,0.0,4.84,4.84,0
PFBI,0,23,25,0,0.0,17.0,17.0,0
LENS,0,23,25,0,0.0,5.05,5.05,0
PRGX,0,23,25,0,0.0,5.04,5.04,0
PBMD,0,23,25,0,0.0,0.923,0.923,0
PRMW,0,23,25,0,0.0,11.46,11.46,0
PRIM,0,23,25,0,0.0,19.41,19.41,0
PY,0,23,25,0,0.0,24.84,24.84,0
PRZM,0,23,25,0,0.0,0.278,0.278,0
PDEX,0,23,25,0,0.0,5.43,5.43,0
IPDN,0,23,25,0,0.0,0.48,0.48,0
PFIE,0,23,25,0,0.0,1.18,1.18,0
PGNX,0,23,25,0,0.0,5.47,5.47,0
DNAI,0,23,25,0,0.0,2.06,2.06,0
PRPH,0,23,25,0,0.0,1.32,1.32,0
PRQR,0,23,25,0,0.0,4.77,4.77,0
UBIO,0,23,25,0,0.0,24.64,24.64,0
SQQQ,0,23,25,0,0.0,17.06,17.06,0
PSEC,0,23,25,0,0.0,7.92,7.92,0
PRTO,0,23,25,0,0.0,8.14,8.14,0
PTI,0,23,25,0,0.0,11.86,11.86,0
PWX,0,23,25,0,0.0,16.0,16.0,0
PVBC,0,23,25,0,0.0,15.69,15.69,0
PROV,0,23,25,0,0.0,18.35,18.35,0
PBIP,0,23,25,0,0.0,14.44,14.44,0
PSDV,0,23,25,0,0.0,3.15,3.15,0
PMD,0,23,25,0,0.0,14.48,14.48,0
PTCT,0,23,25,0,0.0,7.53,7.53,0
PULM,0,23,25,0,0.0,2.08,2.08,0
PLSE,0,23,25,0,0.0,4.5,4.5,0
PCYO,0,23,25,0,0.0,4.59,4.59,0
PXS,0,23,25,0,0.0,2.91,2.91,0
QADA,0,23,25,0,0.0,19.65,19.65,0
QADB,0,23,25,0,0.0,17.8,17.8,0
QGEN,0,23,25,0,0.0,22.15,22.15,0
QIWI,0,23,25,0,0.0,12.86,12.86,0
QLGC,0,23,25,0,0.0,14.83,14.83,0
QLTI,0,23,25,0,0.0,1.43,1.43,0
QSII,0,23,25,0,0.0,12.44,12.44,0
QBAK,0,23,25,0,0.0,4.34,4.34,0
QRHC,0,23,25,0,0.0,0.287,0.287,0
QUIK,0,23,25,0,0.0,0.99,0.99,0
QDEL,0,23,25,0,0.0,19.44,19.44,0
QPAC,0,23,25,0,0.0,9.92,9.92,0
QPACU,0,23,25,0,0.0,10.05,10.05,0
QPACW,0,23,25,0,0.0,0.19,0.19,0
QNST,0,23,25,0,0.0,3.4,3.4,0
QUMU,0,23,25,0,0.0,4.59,4.59,0
QTNT,0,23,25,0,0.0,7.81,7.81,0
RRD,0,23,25,0,0.0,18.03,18.03,0
RADA,0,23,25,0,0.0,0.68,0.68,0
RDCM,0,23,25,0,0.0,12.22,12.22,0
ROIA,0,23,25,0,0.0,3.1,3.1,0
ROIAK,0,23,25,0,0.0,3.225,3.225,0
RSYS,0,23,25,0,0.0,4.9,4.9,0
RDNT,0,23,25,0,0.0,5.59,5.59,0
RDWR,0,23,25,0,0.0,11.87,11.87,0
RMBS,0,23,25,0,0.0,12.11,12.11,0
RAND,0,23,25,0,0.0,3.528,3.528,0
RLOG,0,23,25,0,0.0,1.04,1.04,0
RNDB,0,23,25,0,0.0,12.27,12.27,0
RPD,0,23,25,0,0.0,12.46,12.46,0
RPTP,0,23,25,0,0.0,5.94,5.94,0
RAVE,0,23,25,0,0.0,3.895,3.895,0
RAVN,0,23,25,0,0.0,18.91,18.91,0
RICK,0,23,25,0,0.0,10.29,10.29,0
RCMT,0,23,25,0,0.0,5.54,5.54,0
RLOC,0,23,25,0,0.0,4.56,4.56,0
RDI,0,23,25,0,0.0,12.6,12.6,0
RDIB,0,23,25,0,0.0,13.5,13.5,0
RGSE,0,23,25,0,0.0,3.89,3.89,0
RELY,0,23,25,0,0.0,8.13,8.13,0
RNWK,0,23,25,0,0.0,4.07,4.07,0
RP,0,23,25,0,0.0,22.2,22.2,0
RETA,0,23,25,0,0.0,17.34,17.34,0
DAX,0,23,25,0,0.0,22.55,22.55,0
QYLD,0,23,25,0,0.0,21.87,21.87,0
RCON,0,23,25,0,0.0,1.19,1.19,0
REPH,0,23,25,0,0.0,7.95,7.95,0
RRR,0,23,25,0,0.0,22.27,22.27,0
RDHL,0,23,25,0,0.0,11.3,11.3,0
RGNX,0,23,25,0,0.0,8.14,8.14,0
DFVS,0,23,25,0,0.0,22.5,22.5,0
DLBS,0,23,25,0,0.0,9.85,9.85,0
DSLV,0,23,25,0,0.0,18.5,18.5,0
DTYS,0,23,25,0,0.0,10.19,10.19,0
GLDI,0,23,25,0,0.0,10.89,10.89,0
SLVO,0,23,25,0,0.0,10.6901,10.6901,0
TAPR,0,23,25,0,0.0,14.95,14.95,0
TVIX,0,23,25,0,0.0,1.6599,1.6599,0
TVIZ,0,23,25,0,0.0,10.85,10.85,0
UGLD,0,23,25,0,0.0,14.83,14.83,0
VIIX,0,23,25,0,0.0,16.48,16.48,0
VIIZ,0,23,25,0,0.0,14.4,14.4,0
RGLS,0,23,25,0,0.0,3.5,3.5,0
RELV,0,23,25,0,0.0,0.6,0.6,0
RLYP,0,23,25,0,0.0,20.17,20.17,0
MARK,0,23,25,0,0.0,4.2,4.2,0
REGI,0,23,25,0,0.0,8.51,8.51,0
RNVA,0,23,25,0,0.0,0.54,0.54,0
RCII,0,23,25,0,0.0,12.64,12.64,0
RTK,0,23,25,0,0.0,2.5,2.5,0
RPRX,0,23,25,0,0.0,1.73,1.73,0
FRBK,0,23,25,0,0.0,4.3,4.3,0
REFR,0,23,25,0,0.0,3.73,3.73,0
RESN,0,23,25,0,0.0,4.08,4.08,0
REXI,0,23,25,0,0.0,9.74,9.74,0
RECN,0,23,25,0,0.0,15.09,15.09,0
ROIC,0,23,25,0,0.0,22.22,22.22,0
SALE,0,23,25,0,0.0,8.11,8.11,0
RTRX,0,23,25,0,0.0,18.65,18.65,0
RVNC,0,23,25,0,0.0,13.29,13.29,0
RVLT,0,23,25,0,0.0,6.58,6.58,0
RWLK,0,23,25,0,0.0,7.35,7.35,0
REXX,0,23,25,0,0.0,0.661,0.661,0
RFIL,0,23,25,0,0.0,2.24,2.24,0
RGCO,0,23,25,0,0.0,25.0,25.0,0
RIBT,0,23,25,0,0.0,1.39,1.39,0
RIBTW,0,23,25,0,0.0,0.45,0.45,0
RELL,0,23,25,0,0.0,5.32,5.32,0
RIGL,0,23,25,0,0.0,2.25,2.25,0
NAME,0,23,25,0,0.0,10.88,10.88,0
RNET,0,23,25,0,0.0,13.24,13.24,0
RTTR,0,23,25,0,0.0,1.58,1.58,0
RVSB,0,23,25,0,0.0,4.87,4.87,0
RLJE,0,23,25,0,0.0,2.13,2.13,0
RMGN,0,23,25,0,0.0,1.2,1.2,0
ROBO,0,23,25,0,0.0,25.0,25.0,0
FUEL,0,23,25,0,0.0,2.355,2.355,0
RMTI,0,23,25,0,0.0,8.06,8.06,0
RCKY,0,23,25,0,0.0,11.31,11.31,0
RMCF,0,23,25,0,0.0,10.12,10.12,0
ROKA,0,23,25,0,0.0,0.6101,0.6101,0
ROSG,0,23,25,0,0.0,1.1099,1.1099,0
ROVI,0,23,25,0,0.0,17.05,17.05,0
RBPAA,0,23,25,0,0.0,2.3,2.3,0
TALL,0,23,25,0,0.0,20.0,20.0,0
RPXC,0,23,25,0,0.0,9.56,9.56,0
RTIX,0,23,25,0,0.0,3.75,3.75,0
RBCN,0,23,25,0,0.0,0.6552,0.6552,0
RUSHA,0,23,25,0,0.0,22.27,22.27,0
RUSHB,0,23,25,0,0.0,21.77,21.77,0
RUTH,0,23,25,0,0.0,15.99,15.99,0
RXII,0,23,25,0,0.0,2.56,2.56,0
STBA,0,23,25,0,0.0,24.34,24.34,0
SANW,0,23,25,0,0.0,4.4,4.4,0
SBRA,0,23,25,0,0.0,20.81,20.81,0
SAEX,0,23,25,0,0.0,0.154,0.154,0
SGNT,0,23,25,0,0.0,15.5,15.5,0
SAJA,0,23,25,0,0.0,4.21,4.21,0
SALM,0,23,25,0,0.0,7.79,7.79,0
SGMO,0,23,25,0,0.0,6.18,6.18,0
GCVRZ,0,23,25,0,0.0,0.25,0.25,0
SPNS,0,23,25,0,0.0,12.12,12.12,0
SRPT,0,23,25,0,0.0,22.62,22.62,0
SBFG,0,23,25,0,0.0,10.69,10.69,0
SBFGP,0,23,25,0,0.0,12.25,12.25,0
SMIT,0,23,25,0,0.0,1.849,1.849,0
SCHN,0,23,25,0,0.0,18.62,18.62,0
SCLN,0,23,25,0,0.0,13.48,13.48,0
SGMS,0,23,25,0,0.0,9.12,9.12,0
SQI,0,23,25,0,0.0,17.74,17.74,0
SCYX,0,23,25,0,0.0,2.21,2.21,0
SEAC,0,23,25,0,0.0,3.34,3.34,0
SBCF,0,23,25,0,0.0,16.32,16.32,0
STX,0,23,25,0,0.0,24.01,24.01,0
SHIP,0,23,25,0,0.0,2.1139,2.1139,0
SRSC,0,23,25,0,0.0,2.93,2.93,0
SHLD,0,23,25,0,0.0,14.06,14.06,0
SHLDW,0,23,25,0,0.0,3.6914,3.6914,0
SHOS,0,23,25,0,0.0,6.47,6.47,0
SPNE,0,23,25,0,0.0,11.14,11.14,0
EYES,0,23,25,0,0.0,4.06,4.06,0
SCWX,0,23,25,0,0.0,13.86,13.86,0
SNFCA,0,23,25,0,0.0,4.89,4.89,0
SLCT,0,23,25,0,0.0,8.0501,8.0501,0
SCSS,0,23,25,0,0.0,22.49,22.49,0
SELB,0,23,25,0,0.0,14.05,14.05,0
LEDS,0,23,25,0,0.0,6.95,6.95,0
SMLR,0,23,25,0,0.0,1.6,1.6,0
SMTC,0,23,25,0,0.0,24.21,24.21,0
SNH,0,23,25,0,0.0,21.61,21.61,0
SNMX,0,23,25,0,0.0,2.49,2.49,0
SRTSU,0,23,25,0,0.0,6.4855,6.4855,0
SQNM,0,23,25,0,0.0,0.9238,0.9238,0
SQBG,0,23,25,0,0.0,7.92,7.92,0
SREV,0,23,25,0,0.0,4.12,4.12,0
SEV,0,23,25,0,0.0,9.35,9.35,0
SVBI,0,23,25,0,0.0,6.088,6.088,0
SGOC,0,23,25,0,0.0,3.9557,3.9557,0
SMED,0,23,25,0,0.0,5.81,5.81,0
SHSP,0,23,25,0,0.0,5.1825,5.1825,0
SHLO,0,23,25,0,0.0,7.85,7.85,0
SHBI,0,23,25,0,0.0,11.7,11.7,0
SHOR,0,23,25,0,0.0,7.35,7.35,0
SIFI,0,23,25,0,0.0,13.35,13.35,0
SIEB,0,23,25,0,0.0,1.2,1.2,0
SIEN,0,23,25,0,0.0,7.0,7.0,0
BSRR,0,23,25,0,0.0,16.38,16.38,0
SWIR,0,23,25,0,0.0,17.39,17.39,0
SIFY,0,23,25,0,0.0,1.09,1.09,0
SIGM,0,23,25,0,0.0,6.76,6.76,0
SGMA,0,23,25,0,0.0,5.58,5.58,0
SGNL,0,23,25,0,0.0,0.5,0.5,0
SGI,0,23,25,0,0.0,5.19,5.19,0
SPIL,0,23,25,0,0.0,7.52,7.52,0
SRAQ,0,23,25,0,0.0,9.8,9.8,0
SRAQU,0,23,25,0,0.0,10.09,10.09,0
SRAQW,0,23,25,0,0.0,1.08,1.08,0
SSRI,0,23,25,0,0.0,14.565,14.565,0
SAMG,0,23,25,0,0.0,12.02,12.02,0
SLP,0,23,25,0,0.0,7.71,7.71,0
SINO,0,23,25,0,0.0,0.6565,0.6565,0
SVA,0,23,25,0,0.0,5.82,5.82,0
SIRI,0,23,25,0,0.0,4.12,4.12,0
SITO,0,23,25,0,0.0,4.3,4.3,0
SZMK,0,23,25,0,0.0,2.34,2.34,0
SKUL,0,23,25,0,0.0,6.07,6.07,0
SKYS,0,23,25,0,0.0,2.8,2.8,0
SKLN,0,23,25,0,0.0,0.143,0.143,0
MOBI,0,23,25,0,0.0,1.87,1.87,0
ISM,0,23,25,0,0.0,24.336,24.336,0
JSM,0,23,25,0,0.0,20.73,20.73,0
OSM,0,23,25,0,0.0,24.88,24.88,0
SLM,0,23,25,0,0.0,6.65,6.65,0
SMT,0,23,25,0,0.0,4.43,4.43,0
SMBK,0,23,25,0,0.0,15.2501,15.2501,0
SMSI,0,23,25,0,0.0,0.61,0.61,0
SMTX,0,23,25,0,0.0,1.57,1.57,0
SCKT,0,23,25,0,0.0,3.7152,3.7152,0
SODA,0,23,25,0,0.0,23.36,23.36,0
SLRC,0,23,25,0,0.0,19.29,19.29,0
SUNS,0,23,25,0,0.0,16.66,16.66,0
SCTY,0,23,25,0,0.0,23.79,23.79,0
SEDG,0,23,25,0,0.0,19.69,19.69,0
SOFO,0,23,25,0,0.0,6.24,6.24,0
SONS,0,23,25,0,0.0,8.8,8.8,0
SPHS,0,23,25,0,0.0,2.43,2.43,0
SORL,0,23,25,0,0.0,1.77,1.77,0
SRNE,0,23,25,0,0.0,6.71,6.71,0
SOHO,0,23,25,0,0.0,5.69,5.69,0
SFBC,0,23,25,0,0.0,24.883,24.883,0
SMBC,0,23,25,0,0.0,24.84,24.84,0
SONA,0,23,25,0,0.0,12.28,12.28,0
OKSB,0,23,25,0,0.0,17.54,17.54,0
SP,0,23,25,0,0.0,24.36,24.36,0
SPAN,0,23,25,0,0.0,18.0732,18.0732,0
SBSA,0,23,25,0,0.0,3.52,3.52,0
SGRP,0,23,25,0,0.0,0.99,0.99,0
SPAR,0,23,25,0,0.0,6.91,6.91,0
SPPI,0,23,25,0,0.0,6.75,6.75,0
ANY,0,23,25,0,0.0,0.8801,0.8801,0
SPEX,0,23,25,0,0.0,2.25,2.25,0
SPI,0,23,25,0,0.0,5.97,5.97,0
SPOK,0,23,25,0,0.0,19.75,19.75,0
SPWH,0,23,25,0,0.0,9.54,9.54,0
SBPH,0,23,25,0,0.0,8.0,8.0,0
FUND,0,23,25,0,0.0,6.61,6.61,0
SFM,0,23,25,0,0.0,23.94,23.94,0
STAA,0,23,25,0,0.0,5.99,5.99,0
STAF,0,23,25,0,0.0,1.47,1.47,0
STLY,0,23,25,0,0.0,2.5,2.5,0
SPLS,0,23,25,0,0.0,8.85,8.85,0
SBLK,0,23,25,0,0.0,3.58,3.58,0
SBLKL,0,23,25,0,0.0,17.0,17.0,0
STFC,0,23,25,0,0.0,21.9,21.9,0
STBZ,0,23,25,0,0.0,21.26,21.26,0
SNC,0,23,25,0,0.0,10.56,10.56,0
STDY,0,23,25,0,0.0,3.37,3.37,0
GASS,0,23,25,0,0.0,3.52,3.52,0
SMRT,0,23,25,0,0.0,7.83,7.83,0
SBOT,0,23,25,0,0.0,3.5799,3.5799,0
STEM,0,23,25,0,0.0,0.3981,0.3981,0
STML,0,23,25,0,0.0,6.99,6.99,0
STXS,0,23,25,0,0.0,1.26,1.26,0
STRL,0,23,25,0,0.0,5.31,5.31,0
SSFN,0,23,25,0,0.0,6.54,6.54,0
BANX,0,23,25,0,0.0,18.69,18.69,0
SSKN,0,23,25,0,0.0,0.7032,0.7032,0
SSYS,0,23,25,0,0.0,23.19,23.19,0
STRS,0,23,25,0,0.0,18.84,18.84,0
STRM,0,23,25,0,0.0,1.21,1.21,0
SBBP,0,23,25,0,0.0,3.76,3.76,0
STB,0,23,25,0,0.0,5.19,5.19,0
SCMP,0,23,25,0,0.0,11.49,11.49,0
SUMR,0,23,25,0,0.0,1.77,1.77,0
SMMF,0,23,25,0,0.0,17.96,17.96,0
SSBI,0,23,25,0,0.0,13.1946,13.1946,0
SMMT,0,23,25,0,0.0,7.26,7.26,0
SNBC,0,23,25,0,0.0,21.05,21.05,0
SEMI,0,23,25,0,0.0,5.96,5.96,0
SNSS,0,23,25,0,0.0,0.515,0.515,0
STKL,0,23,25,0,0.0,5.03,5.03,0
SPWR,0,23,25,0,0.0,14.92,14.92,0
RUN,0,23,25,0,0.0,5.08,5.08,0
SBCP,0,23,25,0,0.0,14.65,14.65,0
SSH,0,23,25,0,0.0,0.5,0.5,0
SUNW,0,23,25,0,0.0,2.36,2.36,0
SPCB,0,23,25,0,0.0,3.27,3.27,0
SCON,0,23,25,0,0.0,0.2,0.2,0
SGC,0,23,25,0,0.0,19.34,19.34,0
SUPN,0,23,25,0,0.0,21.11,21.11,0
SGRY,0,23,25,0,0.0,17.9,17.9,0
SRDX,0,23,25,0,0.0,24.66,24.66,0
SBBX,0,23,25,0,0.0,13.55,13.55,0
SYMC,0,23,25,0,0.0,20.7,20.7,0
SYNC,0,23,25,0,0.0,3.0,3.0,0
SYNL,0,23,25,0,0.0,7.73,7.73,0
SNDX,0,23,25,0,0.0,10.82,10.82,0
SGYP,0,23,25,0,0.0,4.12,4.12,0
SGYPU,0,23,25,0,0.0,8.917,8.917,0
SGYPW,0,23,25,0,0.0,0.6001,0.6001,0
ELOS,0,23,25,0,0.0,7.45,7.45,0
SNTA,0,23,25,0,0.0,0.2793,0.2793,0
SYMX,0,23,25,0,0.0,1.06,1.06,0
SYUT,0,23,25,0,0.0,3.7,3.7,0
SYPR,0,23,25,0,0.0,0.81,0.81,0
SYRS,0,23,25,0,0.0,16.13,16.13,0
SYRX,0,23,25,0,0.0,0.5101,0.5101,0
TTOO,0,23,25,0,0.0,5.32,5.32,0
TAIT,0,23,25,0,0.0,1.0601,1.0601,0
TLMR,0,23,25,0,0.0,19.18,19.18,0
TNDM,0,23,25,0,0.0,7.71,7.71,0
TLF,0,23,25,0,0.0,7.73,7.73,0
TNGO,0,23,25,0,0.0,7.76,7.76,0
TANH,0,23,25,0,0.0,4.1,4.1,0
TEDU,0,23,25,0,0.0,10.58,10.58,0
TATT,0,23,25,0,0.0,7.418,7.418,0
TAYD,0,23,25,0,0.0,19.1,19.1,0
TCPC,0,23,25,0,0.0,15.49,15.49,0
TEAR,0,23,25,0,0.0,0.61,0.61,0
TCCO,0,23,25,0,0.0,2.89,2.89,0
TTGT,0,23,25,0,0.0,8.19,8.19,0
TGLS,0,23,25,0,0.0,11.29,11.29,0
TGEN,0,23,25,0,0.0,4.98,4.98,0
TNAV,0,23,25,0,0.0,5.15,5.15,0
TLGT,0,23,25,0,0.0,8.07,8.07,0
TENX,0,23,25,0,0.0,2.7,2.7,0
GLBL,0,23,25,0,0.0,3.37,3.37,0
TERP,0,23,25,0,0.0,12.05,12.05,0
TRTL,0,23,25,0,0.0,9.96,9.96,0
TRTLU,0,23,25,0,0.0,10.13,10.13,0
TRTLW,0,23,25,0,0.0,0.2399,0.2399,0
TVIA,0,23,25,0,0.0,2.48,2.48,0
TESO,0,23,25,0,0.0,6.81,6.81,0
TESS,0,23,25,0,0.0,14.16,14.16,0
TLOG,0,23,25,0,0.0,0.3303,0.3303,0
TTPH,0,23,25,0,0.0,4.49,4.49,0
TFSL,0,23,25,0,0.0,17.43,17.43,0
TGTX,0,23,25,0,0.0,6.16,6.16,0
TBBK,0,23,25,0,0.0,6.09,6.09,0
BONT,0,23,25,0,0.0,1.48,1.48,0
CG,0,23,25,0,0.0,16.37,16.37,0
CHEF,0,23,25,0,0.0,16.18,16.18,0
TCFC,0,23,25,0,0.0,22.05,22.05,0
DSGX,0,23,25,0,0.0,18.87,18.87,0
DXYN,0,23,25,0,0.0,3.75,3.75,0
ENSG,0,23,25,0,0.0,21.37,21.37,0
XONE,0,23,25,0,0.0,10.57,10.57,0
FINL,0,23,25,0,0.0,21.55,21.55,0
FBMS,0,23,25,0,0.0,17.38,17.38,0
HABT,0,23,25,0,0.0,16.33,16.33,0
HCKT,0,23,25,0,0.0,14.16,14.16,0
CUBA,0,23,25,0,0.0,6.13,6.13,0
JYNT,0,23,25,0,0.0,2.11,2.11,0
KEYW,0,23,25,0,0.0,10.97,10.97,0
STKS,0,23,25,0,0.0,2.73,2.73,0
SPNC,0,23,25,0,0.0,20.24,20.24,0
NCTY,0,23,25,0,0.0,1.5799,1.5799,0
TBPH,0,23,25,0,0.0,23.46,23.46,0
TST,0,23,25,0,0.0,1.1701,1.1701,0
TCRD,0,23,25,0,0.0,11.61,11.61,0
THLD,0,23,25,0,0.0,0.6178,0.6178,0
TICC,0,23,25,0,0.0,5.5,5.5,0
TTS,0,23,25,0,0.0,20.26,20.26,0
TIL,0,23,25,0,0.0,3.2999,3.2999,0
TSBK,0,23,25,0,0.0,15.23,15.23,0
TIPT,0,23,25,0,0.0,5.51,5.51,0
TITN,0,23,25,0,0.0,11.1,11.1,0
TTNP,0,23,25,0,0.0,5.49,5.49,0
TIVO,0,23,25,0,0.0,10.24,10.24,0
TBRA,0,23,25,0,0.0,12.14,12.14,0
TKAI,0,23,25,0,0.0,5.47,5.47,0
TNXP,0,23,25,0,0.0,2.16,2.16,0
TISA,0,23,25,0,0.0,1.78,1.78,0
TOPS,0,23,25,0,0.0,1.4901,1.4901,0
TORM,0,23,25,0,0.0,4.5899,4.5899,0
TRCH,0,23,25,0,0.0,1.02,1.02,0
TSEM,0,23,25,0,0.0,12.48,12.48,0
TWER,0,23,25,0,0.0,2.343,2.343,0
CLUB,0,23,25,0,0.0,2.67,2.67,0
TOWN,0,23,25,0,0.0,22.37,22.37,0
TCON,0,23,25,0,0.0,5.0,5.0,0
TWMC,0,23,25,0,0.0,3.71,3.71,0
TACT,0,23,25,0,0.0,8.11,8.11,0
TRNS,0,23,25,0,0.0,10.25,10.25,0
TBIO,0,23,25,0,0.0,0.55,0.55,0
TGA,0,23,25,0,0.0,1.75,1.75,0
TTHI,0,23,25,0,0.0,1.55,1.55,0
TA,0,23,25,0,0.0,8.68,8.68,0
TZOO,0,23,25,0,0.0,7.99,7.99,0
TRVN,0,23,25,0,0.0,7.13,7.13,0
TRIL,0,23,25,0,0.0,8.8,8.8,0
TRS,0,23,25,0,0.0,18.43,18.43,0
TRMB,0,23,25,0,0.0,24.04,24.04,0
TRIB,0,23,25,0,0.0,11.21,11.21,0
TSC,0,23,25,0,0.0,13.73,13.73,0
TBK,0,23,25,0,0.0,16.94,16.94,0
TRNC,0,23,25,0,0.0,13.71,13.71,0
TROV,0,23,25,0,0.0,5.11,5.11,0
TROVU,0,23,25,0,0.0,17.69,17.69,0
TROVW,0,23,25,0,0.0,1.41,1.41,0
TRUE,0,23,25,0,0.0,8.72,8.72,0
THST,0,23,25,0,0.0,1.5793,1.5793,0
TRUP,0,23,25,0,0.0,14.78,14.78,0
TRST,0,23,25,0,0.0,6.38,6.38,0
TRMK,0,23,25,0,0.0,24.69,24.69,0
TSRI,0,23,25,0,0.0,3.76,3.76,0
TTMI,0,23,25,0,0.0,7.59,7.59,0
TUBE,0,23,25,0,0.0,11.17,11.17,0
TUES,0,23,25,0,0.0,7.48,7.48,0
TOUR,0,23,25,0,0.0,8.885,8.885,0
HEAR,0,23,25,0,0.0,1.009,1.009,0
TUTI,0,23,25,0,0.0,22.7,22.7,0
TUTT,0,23,25,0,0.0,22.0,22.0,0
TWIN,0,23,25,0,0.0,11.17,11.17,0
TRCB,0,23,25,0,0.0,10.94,10.94,0
PRTS,0,23,25,0,0.0,4.17,4.17,0
USEG,0,23,25,0,0.0,2.31,2.31,0
GROW,0,23,25,0,0.0,2.13,2.13,0
UREE,0,23,25,0,0.0,0.12,0.12,0
UFPT,0,23,25,0,0.0,23.2,23.2,0
UCTT,0,23,25,0,0.0,5.64,5.64,0
ULBI,0,23,25,0,0.0,4.8035,4.8035,0
ULTR,0,23,25,0,0.0,0.32,0.32,0
UTEK,0,23,25,0,0.0,23.3,23.3,0
UMPQ,0,23,25,0,0.0,15.62,15.62,0
UNAM,0,23,25,0,0.0,11.58,11.58,0
UNIS,0,23,25,0,0.0,3.48,3.48,0
UNXL,0,23,25,0,0.0,1.4301,1.4301,0
QURE,0,23,25,0,0.0,7.85,7.85,0
UBCP,0,23,25,0,0.0,9.9339,9.9339,0
UBOH,0,23,25,0,0.0,18.02,18.02,0
UCBA,0,23,25,0,0.0,14.4,14.4,0
UCBI,0,23,25,0,0.0,18.52,18.52,0
UCFC,0,23,25,0,0.0,6.07,6.07,0
UDF,0,23,25,0,0.0,3.2,3.2,0
UBNK,0,23,25,0,0.0,13.2,13.2,0
UIHC,0,23,25,0,0.0,15.67,15.67,0
UBFO,0,23,25,0,0.0,6.05,6.05,0
USBI,0,23,25,0,0.0,8.86,8.86,0
UG,0,23,25,0,0.0,16.09,16.09,0
UNTY,0,23,25,0,0.0,12.99,12.99,0
ULH,0,23,25,0,0.0,13.4,13.4,0
USAP,0,23,25,0,0.0,11.065,11.065,0
UVSP,0,23,25,0,0.0,20.74,20.74,0
UPLD,0,23,25,0,0.0,7.5,7.5,0
URRE,0,23,25,0,0.0,1.65,1.65,0
USAT,0,23,25,0,0.0,4.4,4.4,0
USATP,0,23,25,0,0.0,17.4,17.4,0
USAK,0,23,25,0,0.0,19.16,19.16,0
USMD,0,23,25,0,0.0,17.12,17.12,0
UTSI,0,23,25,0,0.0,1.98,1.98,0
VALX,0,23,25,0,0.0,23.6725,23.6725,0
VALU,0,23,25,0,0.0,17.15,17.15,0
VNDA,0,23,25,0,0.0,11.47,11.47,0
GNRX,0,23,25,0,0.0,24.7368,24.7368,0
VNR,0,23,25,0,0.0,1.38,1.38,0
VNRAP,0,23,25,0,0.0,3.5876,3.5876,0
VNRBP,0,23,25,0,0.0,2.5,2.5,0
VNRCP,0,23,25,0,0.0,2.55,2.55,0
VDSI,0,23,25,0,0.0,15.79,15.79,0
VBLT,0,23,25,0,0.0,4.38,4.38,0
VBIV,0,23,25,0,0.0,3.8,3.8,0
VECO,0,23,25,0,0.0,16.51,16.51,0
APPY,0,23,25,0,0.0,3.49,3.49,0
VRA,0,23,25,0,0.0,14.59,14.59,0
VCYT,0,23,25,0,0.0,4.99,4.99,0
VSTM,0,23,25,0,0.0,1.31,1.31,0
VCEL,0,23,25,0,0.0,2.22,2.22,0
VBTX,0,23,25,0,0.0,17.26,17.26,0
VRML,0,23,25,0,0.0,1.05,1.05,0
VSAR,0,23,25,0,0.0,10.6,10.6,0
VTNR,0,23,25,0,0.0,1.3899,1.3899,0
VRTB,0,23,25,0,0.0,2.32,2.32,0
VIAV,0,23,25,0,0.0,6.75,6.75,0
VICL,0,23,25,0,0.0,4.49,4.49,0
VICR,0,23,25,0,0.0,10.5,10.5,0
VIDI,0,23,25,0,0.0,20.49,20.49,0
VDTH,0,23,25,0,0.0,8.81,8.81,0
VRAY,0,23,25,0,0.0,4.05,4.05,0
VKTX,0,23,25,0,0.0,1.245,1.245,0
VKTXW,0,23,25,0,0.0,0.3,0.3,0
VBFC,0,23,25,0,0.0,22.9,22.9,0
VIP,0,23,25,0,0.0,3.99,3.99,0
VNOM,0,23,25,0,0.0,18.94,18.94,0
VIRC,0,23,25,0,0.0,4.67,4.67,0
VIRT,0,23,25,0,0.0,17.8,17.8,0
VISN,0,23,25,0,0.0,7.08,7.08,0
VTGN,0,23,25,0,0.0,3.97,3.97,0
VTAE,0,23,25,0,0.0,10.73,10.73,0
VTL,0,23,25,0,0.0,6.77,6.77,0
VIVE,0,23,25,0,0.0,4.5508,4.5508,0
VVUS,0,23,25,0,0.0,1.18,1.18,0
VLTC,0,23,25,0,0.0,3.48,3.48,0
VOXX,0,23,25,0,0.0,2.77,2.77,0
VYGR,0,23,25,0,0.0,11.71,11.71,0
VTVT,0,23,25,0,0.0,5.98,5.98,0
VUZI,0,23,25,0,0.0,6.35,6.35,0
WGBS,0,23,25,0,0.0,0.824,0.824,0
WAFD,0,23,25,0,0.0,24.22,24.22,0
WAFDW,0,23,25,0,0.0,6.2,6.2,0
WFBI,0,23,25,0,0.0,21.73,21.73,0
WSBF,0,23,25,0,0.0,15.54,15.54,0
WVE,0,23,25,0,0.0,22.47,22.47,0
WAYN,0,23,25,0,0.0,12.7762,12.7762,0
WSTG,0,23,25,0,0.0,17.8,17.8,0
WEB,0,23,25,0,0.0,18.5,18.5,0
WEBK,0,23,25,0,0.0,20.25,20.25,0
WEN,0,23,25,0,0.0,9.61,9.61,0
WERN,0,23,25,0,0.0,23.82,23.82,0
WTBA,0,23,25,0,0.0,18.54,18.54,0
WSTC,0,23,25,0,0.0,20.15,20.15,0
WMAR,0,23,25,0,0.0,8.42,8.42,0
WBB,0,23,25,0,0.0,19.5,19.5,0
WSTL,0,23,25,0,0.0,0.72,0.72,0
WFD,0,23,25,0,0.0,7.76,7.76,0
WLB,0,23,25,0,0.0,9.45,9.45,0
WPRT,0,23,25,0,0.0,1.46,1.46,0
WHLR,0,23,25,0,0.0,1.56,1.56,0
WHLRP,0,23,25,0,0.0,21.5,21.5,0
WHLRW,0,23,25,0,0.0,0.0474,0.0474,0
WHF,0,23,25,0,0.0,11.48,11.48,0
WILN,0,23,25,0,0.0,2.5,2.5,0
WHLM,0,23,25,0,0.0,6.6,6.6,0
WVVI,0,23,25,0,0.0,8.45,8.45,0
WVVIP,0,23,25,0,0.0,4.25,4.25,0
WLDN,0,23,25,0,0.0,11.23,11.23,0
WLFC,0,23,25,0,0.0,24.82,24.82,0
WIBC,0,23,25,0,0.0,10.75,10.75,0
WIN,0,23,25,0,0.0,9.45,9.45,0
WINT,0,23,25,0,0.0,2.14,2.14,0
WINS,0,23,25,0,0.0,16.8,16.8,0
HYND,0,23,25,0,0.0,18.7,18.7,0
HYZD,0,23,25,0,0.0,22.909,22.909,0
EMCG,0,23,25,0,0.0,21.1438,21.1438,0
DGRE,0,23,25,0,0.0,21.8013,21.8013,0
DXGE,0,23,25,0,0.0,24.08,24.08,0
WETF,0,23,25,0,0.0,9.73,9.73,0
DXKW,0,23,25,0,0.0,20.07,20.07,0
GULF,0,23,25,0,0.0,16.5,16.5,0
WMIH,0,23,25,0,0.0,2.23,2.23,0
WKHS,0,23,25,0,0.0,7.35,7.35,0
JMU,0,23,25,0,0.0,3.77,3.77,0
WPCS,0,23,25,0,0.0,1.47,1.47,0
WMGI,0,23,25,0,0.0,19.8,19.8,0
WMGIZ,0,23,25,0,0.0,1.26,1.26,0
WSCI,0,23,25,0,0.0,3.02,3.02,0
WVFC,0,23,25,0,0.0,11.3,11.3,0
XBIT,0,23,25,0,0.0,15.78,15.78,0
XELB,0,23,25,0,0.0,5.04,5.04,0
XCRA,0,23,25,0,0.0,5.93,5.93,0
XNCR,0,23,25,0,0.0,18.62,18.62,0
XBKS,0,23,25,0,0.0,7.85,7.85,0
XENE,0,23,25,0,0.0,7.15,7.15,0
XGTI,0,23,25,0,0.0,1.0,1.0,0
XGTIW,0,23,25,0,0.0,1.06,1.06,0
XOMA,0,23,25,0,0.0,0.5488,0.5488,0
XPLR,0,23,25,0,0.0,2.41,2.41,0
XCOM,0,23,25,0,0.0,0.94,0.94,0
XTLB,0,23,25,0,0.0,1.0501,1.0501,0
XNET,0,23,25,0,0.0,5.095,5.095,0
MESG,0,23,25,0,0.0,24.61,24.61,0
YNDX,0,23,25,0,0.0,22.07,22.07,0
YIN,0,23,25,0,0.0,14.21,14.21,0
YOD,0,23,25,0,0.0,1.57,1.57,0
YRCW,0,23,25,0,0.0,9.57,9.57,0
YECO,0,23,25,0,0.0,1.6,1.6,0
ZFGN,0,23,25,0,0.0,6.61,6.61,0
ZAGG,0,23,25,0,0.0,5.26,5.26,0
ZAIS,0,23,25,0,0.0,2.39,2.39,0
ZHNE,0,23,25,0,0.0,1.19,1.19,0
ZN,0,23,25,0,0.0,1.47,1.47,0
ZION,0,23,25,0,0.0,24.74,24.74,0
ZIONW,0,23,25,0,0.0,2.1,2.1,0
ZIONZ,0,23,25,0,0.0,0.9299,0.9299,0
ZIOP,0,23,25,0,0.0,6.04,6.04,0
ZIXI,0,23,25,0,0.0,3.9,3.9,0
ZGNX,0,23,25,0,0.0,8.71,8.71,0
ZSAN,0,23,25,0,0.0,1.12,1.12,0
ZUMZ,0,23,25,0,0.0,15.3,15.3,0
ZYNE,0,23,25,0,0.0,7.34,7.34,0
ZNGA,0,23,25,0,0.0,2.85,2.85,0
